hieu_ung	ten	logic	tham_so	hieu_ung_con	so_mon	mon (toi da 10)
21	钓鱼buff	38			306	10141000 坐骑：陆行雕, 10141001 坐骑：虎, 10141002 坐骑：黄骠马, 10141003 坐骑：骆驼, 10141004 坐骑：鹤, 10141005 坐骑：青凤, 10141006 坐骑：牦牛, 10141007 坐骑：鹿, 10141008 坐骑：雕, 10141009 坐骑：灰狼
75	永恒钻戒	15	STR修正(0为无效)=10; Con修正(0为无效)=10; SPR修正(0为无效)=10; INT修正(0为无效)=10; DEX修正(0为无效)=10		8	10422133 祝福的永恒钻戒, 10422134 祝福的永恒钻戒, 10422135 祝福的永恒钻戒, 10422136 祝福的永恒钻戒, 10422137 祝福的永恒钻戒, 10422138 祝福的永恒钻戒, 10422139 祝福的永恒钻戒, 10422140 祝福的永恒钻戒
5952	重楼望月	88	tỉ lệ kích hoạt khi đánh trúng %=3; nhóm chiêu=70; hiệu ứng con cho mục tiêu=5954	5954 重楼望月 [logic 14, 20s] 	2	10422016 重楼戒, 10422018 重楼戒
5953	逆天	88	tỉ lệ kích hoạt khi đánh trúng %=3; nhóm chiêu=70; hiệu ứng con cho mục tiêu=5955	5955 重楼逆天 [logic 14, 20s] 	2	10423024 重楼玉, 10423026 重楼玉
5965	真重楼	88	tỉ lệ kích hoạt khi đánh trúng %=2; nhóm chiêu=70; hiệu ứng con cho mục tiêu=5966	5966 真重楼 [logic 14, 20s] 	1	10423025 真·重楼玉
7501	重楼逆天	88	tỉ lệ kích hoạt khi đánh trúng %=2; nhóm chiêu=70; hiệu ứng con cho mục tiêu=7502	7502 重楼逆天 [logic 14, 5s] 	2	10553102 重楼玉, 10553114 重楼玉
7503	真·重楼逆天	88	tỉ lệ kích hoạt khi đánh trúng %=4; nhóm chiêu=70; hiệu ứng con cho mục tiêu=7504	7504 真·重楼逆天 [logic 14, 10s] 	1	10553105 真·重楼玉
7505	重楼破军	88	tỉ lệ kích hoạt khi đánh trúng %=3; nhóm chiêu=70; hiệu ứng con cho mình=7506	7506 重楼破军 [logic 64, 5s] số lần=1; bỏ qua phòng thủ=1	1	10553106 重楼带
7507	真·重楼破军	88	tỉ lệ kích hoạt khi đánh trúng %=6; nhóm chiêu=70; hiệu ứng con cho mình=7508	7508 真·重楼破军 [logic 64, 30s] số lần=1; bỏ qua phòng thủ=1	1	10553107 真·重楼带
7509	重楼望月	88	tỉ lệ kích hoạt khi đánh trúng %=2; nhóm chiêu=70; hiệu ứng con cho mục tiêu=7510	7510 重楼望月 [logic 14, 5s] 	2	10553101 重楼戒, 10553113 重楼戒
7511	真·重楼望月	88	tỉ lệ kích hoạt khi đánh trúng %=4; nhóm chiêu=70; hiệu ứng con cho mục tiêu=7512	7512 真·重楼望月 [logic 14, 10s] 	1	10553104 真·重楼戒
7513	重楼遮目	88	tỉ lệ kích hoạt khi đánh trúng %=2; nhóm chiêu=70; hiệu ứng con cho mục tiêu=7514	7514 重楼遮目 [logic 35, 5s] 	2	10553100 重楼链, 10553112 重楼链
7515	真·重楼遮目	88	tỉ lệ kích hoạt khi đánh trúng %=4; nhóm chiêu=70; hiệu ứng con cho mục tiêu=7516	7516 真·重楼遮目 [logic 35, 10s] 	1	10553103 真·重楼链
7517	重楼减免	26	miễn %=15		1	10553108 重楼肩
7518	真·重楼减免	26	miễn %=30		1	10553109 真·重楼肩
7519	重楼反伤	26	phản %=15; tỉ lệ phản %=100; trần phản=150000		1	10553110 重楼甲
7520	真·重楼反伤	26	phản %=30; tỉ lệ phản %=100; trần phản=300000		1	10553111 真·重楼甲
7539	暗器	11	冰系攻击修正=261; 冰系抗性修正=63; MAX_HP修正=50000		1	10155021 金翅翎羽
7540	暗器	11	冰系攻击修正=261; 冰系抗性修正=63; MAX_HP修正=5688		1	10155100 金翅翎羽
7541	暗器	11	冰系攻击修正=461; 冰系抗性修正=143; MAX_HP修正=10688		1	10155101 金翅翎羽
7542	暗器	11	冰系攻击修正=661; 冰系抗性修正=203; MAX_HP修正=15688		1	10155102 金翅翎羽
7543	暗器	11	冰系攻击修正=861; 冰系抗性修正=273; MAX_HP修正=20688		1	10155103 金翅翎羽
7544	暗器	11	冰系攻击修正=1061; 冰系抗性修正=313; MAX_HP修正=25688		1	10155104 金翅翎羽
7545	暗器	11	冰系攻击修正=1261; 冰系抗性修正=353; MAX_HP修正=30688		1	10155105 金翅翎羽
7546	暗器	11	冰系攻击修正=1461; 冰系抗性修正=393; MAX_HP修正=35688		1	10155106 金翅翎羽
7547	暗器	11	冰系攻击修正=1661; 冰系抗性修正=433; MAX_HP修正=40688		1	10155107 金翅翎羽
7548	暗器	11	冰系攻击修正=1861; 冰系抗性修正=473; MAX_HP修正=45688		1	10155108 金翅翎羽
7549	暗器	11	冰系攻击修正=2161; 冰系抗性修正=513; MAX_HP修正=50688		1	10155109 金翅翎羽
7550	暗器	11	火系攻击修正=261; 火系抗性修正=63; MAX_HP修正=5688		1	10155110 金翅翎羽
7551	暗器	11	火系攻击修正=461; 火系抗性修正=143; MAX_HP修正=10688		1	10155111 金翅翎羽
7552	暗器	11	火系攻击修正=661; 火系抗性修正=203; MAX_HP修正=15688		1	10155112 金翅翎羽
7553	暗器	11	火系攻击修正=861; 火系抗性修正=273; MAX_HP修正=20688		1	10155113 金翅翎羽
7554	暗器	11	火系攻击修正=1061; 火系抗性修正=313; MAX_HP修正=25688		1	10155114 金翅翎羽
7555	暗器	11	火系攻击修正=1261; 火系抗性修正=353; MAX_HP修正=30688		1	10155115 金翅翎羽
7556	暗器	11	火系攻击修正=1461; 火系抗性修正=393; MAX_HP修正=35688		1	10155116 金翅翎羽
7557	暗器	11	火系攻击修正=1661; 火系抗性修正=433; MAX_HP修正=40688		1	10155117 金翅翎羽
7558	暗器	11	火系攻击修正=1861; 火系抗性修正=473; MAX_HP修正=45688		1	10155118 金翅翎羽
7559	暗器	11	火系攻击修正=2161; 火系抗性修正=513; MAX_HP修正=50688		1	10155119 金翅翎羽
7560	暗器	11	电系攻击修正=261; 电系抗性修正=63; MAX_HP修正=5688		1	10155120 金翅翎羽
7561	暗器	11	电系攻击修正=461; 电系抗性修正=143; MAX_HP修正=10688		1	10155121 金翅翎羽
7562	暗器	11	电系攻击修正=661; 电系抗性修正=203; MAX_HP修正=15688		1	10155122 金翅翎羽
7563	暗器	11	电系攻击修正=861; 电系抗性修正=273; MAX_HP修正=20688		1	10155123 金翅翎羽
7564	暗器	11	电系攻击修正=1061; 电系抗性修正=313; MAX_HP修正=25688		1	10155124 金翅翎羽
7565	暗器	11	电系攻击修正=1261; 电系抗性修正=353; MAX_HP修正=30688		1	10155125 金翅翎羽
7566	暗器	11	电系攻击修正=1461; 电系抗性修正=393; MAX_HP修正=35688		1	10155126 金翅翎羽
7567	暗器	11	电系攻击修正=1661; 电系抗性修正=433; MAX_HP修正=40688		1	10155127 金翅翎羽
7568	暗器	11	电系攻击修正=1861; 电系抗性修正=473; MAX_HP修正=45688		1	10155128 金翅翎羽
7569	暗器	11	电系攻击修正=2161; 电系抗性修正=513; MAX_HP修正=50688		1	10155129 金翅翎羽
7570	暗器	11	毒系攻击修正=261; 毒系抗性修正=63; MAX_HP修正=5688		1	10155130 金翅翎羽
7571	暗器	11	毒系攻击修正=461; 毒系抗性修正=143; MAX_HP修正=10688		1	10155131 金翅翎羽
7572	暗器	11	毒系攻击修正=661; 毒系抗性修正=203; MAX_HP修正=15688		1	10155132 金翅翎羽
7573	暗器	11	毒系攻击修正=861; 毒系抗性修正=273; MAX_HP修正=20688		1	10155133 金翅翎羽
7574	暗器	11	毒系攻击修正=1061; 毒系抗性修正=313; MAX_HP修正=25688		1	10155134 金翅翎羽
7575	暗器	11	毒系攻击修正=1261; 毒系抗性修正=353; MAX_HP修正=30688		1	10155135 金翅翎羽
7576	暗器	11	毒系攻击修正=1461; 毒系抗性修正=393; MAX_HP修正=35688		1	10155136 金翅翎羽
7577	暗器	11	毒系攻击修正=1661; 毒系抗性修正=433; MAX_HP修正=40688		1	10155137 金翅翎羽
7578	暗器	11	毒系攻击修正=1861; 毒系抗性修正=473; MAX_HP修正=45688		1	10155138 金翅翎羽
7579	暗器	11	毒系攻击修正=2161; 毒系抗性修正=513; MAX_HP修正=50688		1	10155139 金翅翎羽
7580	重楼盔	13	hội tâm công +=5		1	10410121 欢乐圣诞帽
9000	熔金落日	88	tỉ lệ kích hoạt khi đánh trúng %=20; nhóm chiêu=70; hiệu ứng con cho mình=9001; hiệu ứng con cho mục tiêu=9002; 给目标或攻击者的子效果2=9003	9001 威风+外攻 [logic 11, 10s] 物理攻击+=2572 / 9002 伤害减血 [logic 1, 0s] 伤害数值+=500 / 9003 破绽-外防 [logic 11, 10s] 物理防御+=-1572	7	10300000 熔金落日刀, 10300001 熔金落日刀, 10300002 熔金落日刀, 10300003 熔金落日刀, 10300004 熔金落日刀, 10300005 熔金落日刀, 10300422 熔金落日刀
9004	赤焰九纹刀	88	tỉ lệ kích hoạt khi đánh trúng %=20; nhóm chiêu=70; hiệu ứng con cho mình=9001; hiệu ứng con cho mục tiêu=9002; 给目标或攻击者的子效果2=9003	9001 威风+外攻 [logic 11, 10s] 物理攻击+=2572 / 9002 伤害减血 [logic 1, 0s] 伤害数值+=500 / 9003 破绽-外防 [logic 11, 10s] 物理防御+=-1572	6	10300006 赤焰九纹刀, 10300007 赤焰九纹刀, 10300400 赤焰九纹刀, 10300401 炽焰九龙刀, 10300402 赤焰九纹刀, 10300403 炽焰九龙刀
9005	斩忧断愁枪	88	tỉ lệ kích hoạt khi đánh trúng %=20; nhóm chiêu=70; hiệu ứng con cho mình=9001; hiệu ứng con cho mục tiêu=9002; 给目标或攻击者的子效果2=9003	9001 威风+外攻 [logic 11, 10s] 物理攻击+=2572 / 9002 伤害减血 [logic 1, 0s] 伤害数值+=500 / 9003 破绽-外防 [logic 11, 10s] 物理防御+=-1572	6	10301000 斩忧断愁枪, 10301001 斩忧断愁枪, 10301400 斩忧断愁枪, 10301402 忘忧销魂枪, 10301404 斩忧断愁枪, 10301406 忘忧销魂枪
9006	弈天破邪杖	88	tỉ lệ kích hoạt khi đánh trúng %=20; nhóm chiêu=70; hiệu ứng con cho mình=9001; hiệu ứng con cho mục tiêu=9002; 给目标或攻击者的子效果2=9003	9001 威风+外攻 [logic 11, 10s] 物理攻击+=2572 / 9002 伤害减血 [logic 1, 0s] 伤害数值+=500 / 9003 破绽-外防 [logic 11, 10s] 物理防御+=-1572	6	10301198 弈天破邪杖, 10301199 弈天破邪杖, 10301401 弈天破邪杖, 10301403 法天辟邪杖, 10301405 弈天破邪杖, 10301407 法天辟邪杖
9010	秋水无痕	88	tỉ lệ kích hoạt khi đánh trúng %=20; nhóm chiêu=70; hiệu ứng con cho mình=9011; hiệu ứng con cho mục tiêu=9012; 给目标或攻击者的子效果2=9013	9011 浑厚+内攻 [logic 11, 10s] 魔法攻击+=2572 / 9012 伤害减血 [logic 1, 0s] 伤害数值+=500 / 9013 破绽-内防 [logic 11, 10s] 魔法防御+=-1572	7	10302000 秋水无痕剑, 10302001 秋水无痕剑, 10302002 秋水无痕剑, 10302003 秋水无痕剑, 10302004 秋水无痕剑, 10302005 秋水无痕剑, 10302448 秋水无痕剑
9014	含光弄影剑	88	tỉ lệ kích hoạt khi đánh trúng %=20; nhóm chiêu=70; hiệu ứng con cho mình=9011; hiệu ứng con cho mục tiêu=9012; 给目标或攻击者的子效果2=9013	9011 浑厚+内攻 [logic 11, 10s] 魔法攻击+=2572 / 9012 伤害减血 [logic 1, 0s] 伤害数值+=500 / 9013 破绽-内防 [logic 11, 10s] 魔法防御+=-1572	6	10302006 含光弄影剑, 10302007 含光弄影剑, 10302400 含光弄影剑, 10302403 天光流影剑, 10302406 含光弄影剑, 10302409 天光流影剑
9015	万仞龙渊剑	88	tỉ lệ kích hoạt khi đánh trúng %=20; nhóm chiêu=70; hiệu ứng con cho mình=9011; hiệu ứng con cho mục tiêu=9012; 给目标或攻击者的子效果2=9013	9011 浑厚+内攻 [logic 11, 10s] 魔法攻击+=2572 / 9012 伤害减血 [logic 1, 0s] 伤害数值+=500 / 9013 破绽-内防 [logic 11, 10s] 魔法防御+=-1572	6	10302008 万仞龙渊剑, 10302009 万仞龙渊剑, 10302401 万仞龙渊剑, 10302404 九转龙泉剑, 10302407 万仞龙渊剑, 10302410 九转龙泉剑
9016	星移无痕剑	88	tỉ lệ kích hoạt khi đánh trúng %=20; nhóm chiêu=70; hiệu ứng con cho mình=9011; hiệu ứng con cho mục tiêu=9012; 给目标或攻击者的子效果2=9013	9011 浑厚+内攻 [logic 11, 10s] 魔法攻击+=2572 / 9012 伤害减血 [logic 1, 0s] 伤害数值+=500 / 9013 破绽-内防 [logic 11, 10s] 魔法防御+=-1572	6	10302010 星移无痕剑, 10302011 星移无痕剑, 10302402 星移无痕剑, 10302405 星移月动剑, 10302408 星移无痕剑, 10302411 星移月动剑
9017	转魂灭魄钩	88	tỉ lệ kích hoạt khi đánh trúng %=20; nhóm chiêu=70; hiệu ứng con cho mình=9011; hiệu ứng con cho mục tiêu=9012; 给目标或攻击者的子效果2=9013	9011 浑厚+内攻 [logic 11, 10s] 魔法攻击+=2572 / 9012 伤害减血 [logic 1, 0s] 伤害数值+=500 / 9013 破绽-内防 [logic 11, 10s] 魔法防御+=-1572	6	10303000 转魂灭魄钩, 10303001 转魂灭魄钩, 10303400 转魂灭魄钩, 10303401 灭魂轮回钩, 10303402 转魂灭魄钩, 10303403 灭魂轮回钩
9020	碧海银涛	88	tỉ lệ kích hoạt khi đánh trúng %=20; nhóm chiêu=70; hiệu ứng con cho mình=9021; hiệu ứng con cho mục tiêu=9022; 给目标或攻击者的子效果2=9023	9021 要害+会心 [logic 13, 10s] hội tâm công +=8 / 9022 伤害减血 [logic 1, 0s] 伤害数值+=500 / 9023 破绽-会心防御 [logic 13, 10s] 会心防御+=-8	7	10305000 碧海银涛环, 10305001 碧海银涛环, 10305002 碧海银涛环, 10305003 碧海银涛环, 10305004 碧海银涛环, 10305005 碧海银涛环, 10305444 碧海银涛环
9024	碎情雾影环	88	tỉ lệ kích hoạt khi đánh trúng %=20; nhóm chiêu=70; hiệu ứng con cho mình=9021; hiệu ứng con cho mục tiêu=9022; 给目标或攻击者的子效果2=9023	9021 要害+会心 [logic 13, 10s] hội tâm công +=8 / 9022 伤害减血 [logic 1, 0s] 伤害数值+=500 / 9023 破绽-会心防御 [logic 13, 10s] 会心防御+=-8	8	10305006 碎情雾影环, 10305007 碎情雾影环, 10305008 天星耀阳环, 10305009 天星耀阳环, 10305400 碎情雾影环, 10305402 绝情裂影环, 10305404 碎情雾影环, 10305406 绝情裂影环
9025	天星耀阳环	88	tỉ lệ kích hoạt khi đánh trúng %=20; nhóm chiêu=70; hiệu ứng con cho mình=9021; hiệu ứng con cho mục tiêu=9022; 给目标或攻击者的子效果2=9023	9021 要害+会心 [logic 13, 10s] hội tâm công +=8 / 9022 伤害减血 [logic 1, 0s] 伤害数值+=500 / 9023 破绽-会心防御 [logic 13, 10s] 会心防御+=-8	4	10305401 天星耀阳环, 10305403 星云聚日环, 10305405 天星耀阳环, 10305407 星云聚日环
9030	万壑松风	88	tỉ lệ kích hoạt khi đánh trúng %=20; nhóm chiêu=70; hiệu ứng con cho mình=9031; hiệu ứng con cho mục tiêu=9032; 给目标或攻击者的子效果2=9033	9031 轻灵+命中 [logic 13, 10s] 命中+=1637 / 9032 伤害减血 [logic 1, 0s] 伤害数值+=500 / 9033 僵硬-闪避 [logic 13, 10s] 闪避+=-812	7	10304000 万壑松风扇, 10304001 万壑松风扇, 10304002 万壑松风扇, 10304003 万壑松风扇, 10304004 万壑松风扇, 10304005 万壑松风扇, 10304426 万壑松风扇
9034	雷鸣离火扇	88	tỉ lệ kích hoạt khi đánh trúng %=20; nhóm chiêu=70; hiệu ứng con cho mình=9031; hiệu ứng con cho mục tiêu=9032; 给目标或攻击者的子效果2=9033	9031 轻灵+命中 [logic 13, 10s] 命中+=1637 / 9032 伤害减血 [logic 1, 0s] 伤害数值+=500 / 9033 僵硬-闪避 [logic 13, 10s] 闪避+=-812	12	10304006 雷鸣离火扇, 10304007 雷鸣离火扇, 10304008 雷鸣离火扇, 10304009 雷鸣离火扇, 10304400 雷鸣离火扇, 10304401 雷鸣离火扇, 10304402 天雷真火扇, 10304403 天雷真火扇, 10304404 雷鸣离火扇, 10304405 雷鸣离火扇
9035	紫阳绝翎弩	88	tỉ lệ kích hoạt khi đánh trúng %=20; nhóm chiêu=70; hiệu ứng con cho mình=9011; hiệu ứng con cho mục tiêu=9012; 给目标或攻击者的子效果2=9013	9011 浑厚+内攻 [logic 11, 10s] 魔法攻击+=2572 / 9012 伤害减血 [logic 1, 0s] 伤害数值+=500 / 9013 破绽-内防 [logic 11, 10s] 魔法防御+=-1572	7	10306000 紫阳绝翎弩, 10306001 紫阳绝翎弩, 10306002 紫阳绝翎弩, 10306003 紫阳绝翎弩, 10306004 紫阳绝翎弩, 10306005 紫阳绝翎弩, 10306042 紫阳绝翎弩
9036	凌霄玉琼弩	88	tỉ lệ kích hoạt khi đánh trúng %=20; nhóm chiêu=70; hiệu ứng con cho mình=9011; hiệu ứng con cho mục tiêu=9012; 给目标或攻击者的子效果2=9013	9011 浑厚+内攻 [logic 11, 10s] 魔法攻击+=2572 / 9012 伤害减血 [logic 1, 0s] 伤害数值+=500 / 9013 破绽-内防 [logic 11, 10s] 魔法防御+=-1572	6	10306006 凌霄玉琼弩, 10306007 凌霄玉琼弩, 10306008 凌霄玉琼弩, 10306009 凌霄玉琼弩, 10306010 九霄华琼弩, 10306011 九霄华琼弩
9037	大梁辟天	88	tỉ lệ kích hoạt khi đánh trúng %=20; nhóm chiêu=70; hiệu ứng con cho mình=9043; hiệu ứng con cho mục tiêu=9187	9043 大梁辟天 [logic 11, 3s]  / 9187 破绽 [logic 11, 30s] 物理防御+=-1923; 魔法防御+=-1923	7	10306012 大梁辟天, 10306015 大梁辟天, 10306018 大梁辟天, 10306021 大梁辟天, 10306024 大梁辟天, 10306027 大梁辟天, 10306030 大梁辟天
9038	大梁辟天	88	tỉ lệ kích hoạt khi đánh trúng %=20; nhóm chiêu=70; hiệu ứng con cho mình=9044; hiệu ứng con cho mục tiêu=9186	9044 大梁辟天 [logic 11, 3s]  / 9186 减速 [logic 14, 15s] 移动速度修正%（0为无效）=-40	7	10306013 大梁辟天, 10306016 大梁辟天, 10306019 大梁辟天, 10306022 大梁辟天, 10306025 大梁辟天, 10306028 大梁辟天, 10306031 大梁辟天
9039	大梁辟天	88	tỉ lệ kích hoạt khi đánh trúng %=20; nhóm chiêu=70; hiệu ứng con cho mình=9045; hiệu ứng con cho mục tiêu=9189	9045 大梁辟天 [logic 11, 3s]  / 9189 神器吸血 [logic 70, 0s] 伤害数值+=200; HP转移率(整数=100	7	10306014 大梁辟天, 10306017 大梁辟天, 10306020 大梁辟天, 10306023 大梁辟天, 10306026 大梁辟天, 10306029 大梁辟天, 10306032 大梁辟天
9040	末世王权	88	tỉ lệ kích hoạt khi đánh trúng %=20; nhóm chiêu=70; hiệu ứng con cho mình=9195; hiệu ứng con cho mục tiêu=9189	9195 大燕韵章 [logic 11, 3s]  / 9189 神器吸血 [logic 70, 0s] 伤害数值+=200; HP转移率(整数=100	3	10302439 末世王权, 10302442 末世王权, 10302445 末世王权
9041	末世王权	88	tỉ lệ kích hoạt khi đánh trúng %=20; nhóm chiêu=70; hiệu ứng con cho mình=9196; hiệu ứng con cho mục tiêu=9190	9196 大燕韵章 [logic 11, 30s]  / 9190 神器吸气 [logic 70, 0s] MP伤害=100; MP转移率(整数=100	3	10302440 末世王权, 10302443 末世王权, 10302446 末世王权
9042	末世王权	88	tỉ lệ kích hoạt khi đánh trúng %=20; nhóm chiêu=70; hiệu ứng con cho mình=9197; hiệu ứng con cho mục tiêu=9190	9197 大燕韵章 [logic 11, 30s]  / 9190 神器吸气 [logic 70, 0s] MP伤害=100; MP转移率(整数=100	3	10302441 末世王权, 10302444 末世王权, 10302447 末世王权
9046	灭影天诛	88	tỉ lệ kích hoạt khi đánh trúng %=20; nhóm chiêu=70; hiệu ứng con cho mình=9043; hiệu ứng con cho mục tiêu=9190	9043 大梁辟天 [logic 11, 3s]  / 9190 神器吸气 [logic 70, 0s] MP伤害=100; MP转移率(整数=100	3	10306033 灭影天诛, 10306036 灭影天诛, 10306039 灭影天诛
9047	灭影天诛	88	tỉ lệ kích hoạt khi đánh trúng %=20; nhóm chiêu=70; hiệu ứng con cho mình=9044; hiệu ứng con cho mục tiêu=9189	9044 大梁辟天 [logic 11, 3s]  / 9189 神器吸血 [logic 70, 0s] 伤害数值+=200; HP转移率(整数=100	3	10306034 灭影天诛, 10306037 灭影天诛, 10306040 灭影天诛
9048	灭影天诛	88	tỉ lệ kích hoạt khi đánh trúng %=20; nhóm chiêu=70; hiệu ứng con cho mình=9045; hiệu ứng con cho mục tiêu=9189	9045 大梁辟天 [logic 11, 3s]  / 9189 神器吸血 [logic 70, 0s] 伤害数值+=200; HP转移率(整数=100	3	10306035 灭影天诛, 10306038 灭影天诛, 10306041 灭影天诛
9049	碧海凌波	88	tỉ lệ kích hoạt khi đánh trúng %=20; nhóm chiêu=70; hiệu ứng con cho mình=9011; hiệu ứng con cho mục tiêu=9012; 给目标或攻击者的子效果2=9013	9011 浑厚+内攻 [logic 11, 10s] 魔法攻击+=2572 / 9012 伤害减血 [logic 1, 0s] 伤害数值+=500 / 9013 破绽-内防 [logic 11, 10s] 魔法防御+=-1572	7	10307000 碧海凌波杖, 10307001 碧海凌波杖, 10307002 碧海凌波杖, 10307003 碧海凌波杖, 10307004 碧海凌波杖, 10307005 碧海凌波杖, 10307042 碧海凌波杖
9050	太虚归星	88	tỉ lệ kích hoạt khi đánh trúng %=20; nhóm chiêu=70; hiệu ứng con cho mình=9011; hiệu ứng con cho mục tiêu=9012; 给目标或攻击者的子效果2=9013	9011 浑厚+内攻 [logic 11, 10s] 魔法攻击+=2572 / 9012 伤害减血 [logic 1, 0s] 伤害数值+=500 / 9013 破绽-内防 [logic 11, 10s] 魔法防御+=-1572	6	10307006 太虚归星杖, 10307007 太虚归星杖, 10307008 太虚归星杖, 10307009 太虚归星杖, 10307010 太虚敛月杖, 10307011 太虚敛月杖
9051	大魏长歌	88	tỉ lệ kích hoạt khi đánh trúng %=20; nhóm chiêu=70; hiệu ứng con cho mình=9054; hiệu ứng con cho mục tiêu=9187	9054 大魏长歌 [logic 11, 3s]  / 9187 破绽 [logic 11, 30s] 物理防御+=-1923; 魔法防御+=-1923	7	10307012 大魏长歌, 10307015 大魏长歌, 10307018 大魏长歌, 10307021 大魏长歌, 10307024 大魏长歌, 10307027 大魏长歌, 10307030 大魏长歌
9052	大魏长歌	88	tỉ lệ kích hoạt khi đánh trúng %=20; nhóm chiêu=70; hiệu ứng con cho mình=9055; hiệu ứng con cho mục tiêu=9186	9055 大魏长歌 [logic 11, 3s]  / 9186 减速 [logic 14, 15s] 移动速度修正%（0为无效）=-40	7	10307013 大魏长歌, 10307016 大魏长歌, 10307019 大魏长歌, 10307022 大魏长歌, 10307025 大魏长歌, 10307028 大魏长歌, 10307031 大魏长歌
9053	大魏长歌	88	tỉ lệ kích hoạt khi đánh trúng %=20; nhóm chiêu=70; hiệu ứng con cho mình=9056; hiệu ứng con cho mục tiêu=9189	9056 大魏长歌 [logic 11, 3s]  / 9189 神器吸血 [logic 70, 0s] 伤害数值+=200; HP转移率(整数=100	7	10307014 大魏长歌, 10307017 大魏长歌, 10307020 大魏长歌, 10307023 大魏长歌, 10307026 大魏长歌, 10307029 大魏长歌, 10307032 大魏长歌
9057	玉法玄穹	88	tỉ lệ kích hoạt khi đánh trúng %=20; nhóm chiêu=70; hiệu ứng con cho mình=9054; hiệu ứng con cho mục tiêu=9187	9054 大魏长歌 [logic 11, 3s]  / 9187 破绽 [logic 11, 30s] 物理防御+=-1923; 魔法防御+=-1923	3	10307033 玉法玄穹, 10307036 玉法玄穹, 10307039 玉法玄穹
9058	玉法玄穹	88	tỉ lệ kích hoạt khi đánh trúng %=20; nhóm chiêu=70; hiệu ứng con cho mình=9055; hiệu ứng con cho mục tiêu=9186	9055 大魏长歌 [logic 11, 3s]  / 9186 减速 [logic 14, 15s] 移动速度修正%（0为无效）=-40	3	10307034 玉法玄穹, 10307037 玉法玄穹, 10307040 玉法玄穹
9059	玉法玄穹	88	tỉ lệ kích hoạt khi đánh trúng %=20; nhóm chiêu=70; hiệu ứng con cho mình=9056; hiệu ứng con cho mục tiêu=9189	9056 大魏长歌 [logic 11, 3s]  / 9189 神器吸血 [logic 70, 0s] 伤害数值+=200; HP转移率(整数=100	3	10307035 玉法玄穹, 10307038 玉法玄穹, 10307041 玉法玄穹
9060	普通花类	88	tỉ lệ kích hoạt khi đánh trúng %=20; nhóm chiêu=70; hiệu ứng con cho mình=9011; hiệu ứng con cho mục tiêu=9012; 给目标或攻击者的子效果2=9013	9011 浑厚+内攻 [logic 11, 10s] 魔法攻击+=2572 / 9012 伤害减血 [logic 1, 0s] 伤害数值+=500 / 9013 破绽-内防 [logic 11, 10s] 魔法防御+=-1572	15	10305021 棒棒糖（红）, 10305022 棒棒糖（绿）, 10305023 棒棒糖（蓝）, 10305024 红郁金香, 10305025 紫郁金香, 10305026 粉玫瑰, 10305027 红玫瑰, 10305028 山楂冰糖葫芦, 10305029 大风车, 10305030 蓝色妖姬
9061	四代花类	88	tỉ lệ kích hoạt khi đánh trúng %=20; nhóm chiêu=70; hiệu ứng con cho mình=9055; hiệu ứng con cho mục tiêu=9186	9055 大魏长歌 [logic 11, 3s]  / 9186 减速 [logic 14, 15s] 移动速度修正%（0为无效）=-40	15	10305281 棒棒糖（红）, 10305282 棒棒糖（绿）, 10305283 棒棒糖（蓝）, 10305284 红郁金香, 10305285 紫郁金香, 10305286 粉玫瑰, 10305287 红玫瑰, 10305288 山楂冰糖葫芦, 10305289 大风车, 10305290 蓝色妖姬
9062	幻世武器	88	tỉ lệ kích hoạt khi đánh trúng %=20; nhóm chiêu=70; hiệu ứng con cho mình=9031; hiệu ứng con cho mục tiêu=9186; 给目标或攻击者的子效果2=9033	9031 轻灵+命中 [logic 13, 10s] 命中+=1637 / 9186 减速 [logic 14, 15s] 移动速度修正%（0为无效）=-40 / 9033 僵硬-闪避 [logic 13, 10s] 闪避+=-812	23	10102201 冷玉寒芳, 10102202 暖香粉蕊, 10102203 芙蓉香, 10102204 幽梦, 10102205 柔情, 10102206 玉隐桃芳, 10102207 绿绮, 10102208 莲幽, 10102209 棒棒糖（红）, 10102210 棒棒糖（绿）
9132	大夏龙雀	88	tỉ lệ kích hoạt khi đánh trúng %=20; nhóm chiêu=70; hiệu ứng con cho mình=9159; hiệu ứng con cho mục tiêu=9189	9159 大夏龙雀 [logic 11, 3s]  / 9189 神器吸血 [logic 70, 0s] 伤害数值+=200; HP转移率(整数=100	7	10300100 大夏龙雀, 10300103 大夏龙雀, 10300106 大夏龙雀, 10300109 大夏龙雀, 10300404 大夏龙雀, 10300407 大夏龙雀, 10300410 大夏龙雀
9133	大夏龙雀	88	tỉ lệ kích hoạt khi đánh trúng %=30; nhóm chiêu=70; hiệu ứng con cho mình=9160; hiệu ứng con cho mục tiêu=9186	9160 大夏龙雀 [logic 11, 15s]  / 9186 减速 [logic 14, 15s] 移动速度修正%（0为无效）=-40	7	10300101 大夏龙雀, 10300104 大夏龙雀, 10300107 大夏龙雀, 10300110 大夏龙雀, 10300405 大夏龙雀, 10300408 大夏龙雀, 10300411 大夏龙雀
9134	大夏龙雀	88	tỉ lệ kích hoạt khi đánh trúng %=30; nhóm chiêu=70; hiệu ứng con cho mình=9161; hiệu ứng con cho mục tiêu=9187	9161 大夏龙雀 [logic 11, 30s]  / 9187 破绽 [logic 11, 30s] 物理防御+=-1923; 魔法防御+=-1923	7	10300102 大夏龙雀, 10300105 大夏龙雀, 10300108 大夏龙雀, 10300111 大夏龙雀, 10300406 大夏龙雀, 10300409 大夏龙雀, 10300412 大夏龙雀
9135	大商尘影	88	tỉ lệ kích hoạt khi đánh trúng %=20; nhóm chiêu=70; hiệu ứng con cho mình=9162; hiệu ứng con cho mục tiêu=9189	9162 大商尘影 [logic 11, 3s]  / 9189 神器吸血 [logic 70, 0s] 伤害数值+=200; HP转移率(整数=100	7	10302100 大商尘影, 10302103 大商尘影, 10302106 大商尘影, 10302109 大商尘影, 10302412 大商尘影, 10302415 大商尘影, 10302418 大商尘影
9136	大商尘影	88	tỉ lệ kích hoạt khi đánh trúng %=20; nhóm chiêu=70; hiệu ứng con cho mình=9163; hiệu ứng con cho mục tiêu=9190	9163 大商尘影 [logic 11, 3s]  / 9190 神器吸气 [logic 70, 0s] MP伤害=100; MP转移率(整数=100	7	10302101 大商尘影, 10302104 大商尘影, 10302107 大商尘影, 10302110 大商尘影, 10302413 大商尘影, 10302416 大商尘影, 10302419 大商尘影
9137	大商尘影	88	tỉ lệ kích hoạt khi đánh trúng %=30; nhóm chiêu=70; hiệu ứng con cho mình=9164; hiệu ứng con cho mục tiêu=9187	9164 大商尘影 [logic 11, 30s]  / 9187 破绽 [logic 11, 30s] 物理防御+=-1923; 魔法防御+=-1923	7	10302102 大商尘影, 10302105 大商尘影, 10302108 大商尘影, 10302111 大商尘影, 10302414 大商尘影, 10302417 大商尘影, 10302420 大商尘影
9138	大周岚夜	88	tỉ lệ kích hoạt khi đánh trúng %=20; nhóm chiêu=70; hiệu ứng con cho mình=9165; hiệu ứng con cho mục tiêu=9189	9165 大周岚夜 [logic 11, 3s]  / 9189 神器吸血 [logic 70, 0s] 伤害数值+=200; HP转移率(整数=100	7	10303100 大周岚夜, 10303103 大周岚夜, 10303106 大周岚夜, 10303109 大周岚夜, 10303404 大周岚夜, 10303407 大周岚夜, 10303410 大周岚夜
9139	大周岚夜	88	tỉ lệ kích hoạt khi đánh trúng %=30; nhóm chiêu=70; hiệu ứng con cho mình=9166; hiệu ứng con cho mục tiêu=9188	9166 大周岚夜 [logic 11, 30s]  / 9188 虚弱 [logic 11, 30s] 物理攻击+=-1923; 魔法攻击+=-1923	7	10303101 大周岚夜, 10303104 大周岚夜, 10303107 大周岚夜, 10303110 大周岚夜, 10303405 大周岚夜, 10303408 大周岚夜, 10303411 大周岚夜
9140	大周岚夜	88	tỉ lệ kích hoạt khi đánh trúng %=30; nhóm chiêu=70; hiệu ứng con cho mình=9167; hiệu ứng con cho mục tiêu=9187	9167 大周岚夜 [logic 11, 30s]  / 9187 破绽 [logic 11, 30s] 物理防御+=-1923; 魔法防御+=-1923	7	10303102 大周岚夜, 10303105 大周岚夜, 10303108 大周岚夜, 10303111 大周岚夜, 10303406 大周岚夜, 10303409 大周岚夜, 10303412 大周岚夜
9141	大秦锋镝	88	tỉ lệ kích hoạt khi đánh trúng %=20; nhóm chiêu=70; hiệu ứng con cho mình=9168; hiệu ứng con cho mục tiêu=9189	9168 大秦锋镝 [logic 11, 3s]  / 9189 神器吸血 [logic 70, 0s] 伤害数值+=200; HP转移率(整数=100	7	10301100 大秦锋镝, 10301103 大秦锋镝, 10301106 大秦锋镝, 10301109 大秦锋镝, 10301408 大秦锋镝, 10301411 大秦锋镝, 10301414 大秦锋镝
9142	大秦锋镝	88	tỉ lệ kích hoạt khi đánh trúng %=30; nhóm chiêu=70; hiệu ứng con cho mình=9169; hiệu ứng con cho mục tiêu=9186	9169 大秦锋镝 [logic 11, 15s]  / 9186 减速 [logic 14, 15s] 移动速度修正%（0为无效）=-40	7	10301101 大秦锋镝, 10301104 大秦锋镝, 10301107 大秦锋镝, 10301110 大秦锋镝, 10301409 大秦锋镝, 10301412 大秦锋镝, 10301415 大秦锋镝
9143	大秦锋镝	88	tỉ lệ kích hoạt khi đánh trúng %=30; nhóm chiêu=70; hiệu ứng con cho mình=9170; hiệu ứng con cho mục tiêu=9188	9170 大秦锋镝 [logic 11, 30s]  / 9188 虚弱 [logic 11, 30s] 物理攻击+=-1923; 魔法攻击+=-1923	7	10301102 大秦锋镝, 10301105 大秦锋镝, 10301108 大秦锋镝, 10301111 大秦锋镝, 10301410 大秦锋镝, 10301413 大秦锋镝, 10301416 大秦锋镝
9144	大汉弘纲	88	tỉ lệ kích hoạt khi đánh trúng %=20; nhóm chiêu=70; hiệu ứng con cho mình=9171; hiệu ứng con cho mục tiêu=9189	9171 大汉弘纲 [logic 11, 3s]  / 9189 神器吸血 [logic 70, 0s] 伤害数值+=200; HP转移率(整数=100	7	10305100 大汉弘纲, 10305103 大汉弘纲, 10305106 大汉弘纲, 10305109 大汉弘纲, 10305408 大汉弘纲, 10305411 大汉弘纲, 10305414 大汉弘纲
9145	大汉弘纲	88	tỉ lệ kích hoạt khi đánh trúng %=20; nhóm chiêu=70; hiệu ứng con cho mình=9172; hiệu ứng con cho mục tiêu=9190	9172 大汉弘纲 [logic 11, 3s]  / 9190 神器吸气 [logic 70, 0s] MP伤害=100; MP转移率(整数=100	7	10305101 大汉弘纲, 10305104 大汉弘纲, 10305107 大汉弘纲, 10305110 大汉弘纲, 10305409 大汉弘纲, 10305412 大汉弘纲, 10305415 大汉弘纲
9146	大汉弘纲	88	tỉ lệ kích hoạt khi đánh trúng %=30; nhóm chiêu=70; hiệu ứng con cho mình=9173; hiệu ứng con cho mục tiêu=9188	9173 大汉弘纲 [logic 11, 30s]  / 9188 虚弱 [logic 11, 30s] 物理攻击+=-1923; 魔法攻击+=-1923	7	10305102 大汉弘纲, 10305105 大汉弘纲, 10305108 大汉弘纲, 10305111 大汉弘纲, 10305410 大汉弘纲, 10305413 大汉弘纲, 10305416 大汉弘纲
9147	大晋星痕	88	tỉ lệ kích hoạt khi đánh trúng %=20; nhóm chiêu=70; hiệu ứng con cho mình=9174; hiệu ứng con cho mục tiêu=9189	9174 大晋星痕 [logic 11, 3s]  / 9189 神器吸血 [logic 70, 0s] 伤害数值+=200; HP转移率(整数=100	7	10303200 大晋星痕, 10303203 大晋星痕, 10303206 大晋星痕, 10303209 大晋星痕, 10303413 大晋星痕, 10303416 大晋星痕, 10303419 大晋星痕
9148	大晋星痕	88	tỉ lệ kích hoạt khi đánh trúng %=30; nhóm chiêu=70; hiệu ứng con cho mình=9175; hiệu ứng con cho mục tiêu=9191	9175 大晋星痕 [logic 11, 3s]  / 9191 打怒 [logic 4, 0s] Rage修改量=-20	7	10303201 大晋星痕, 10303204 大晋星痕, 10303207 大晋星痕, 10303210 大晋星痕, 10303414 大晋星痕, 10303417 大晋星痕, 10303420 大晋星痕
9149	大晋星痕	88	tỉ lệ kích hoạt khi đánh trúng %=30; nhóm chiêu=70; hiệu ứng con cho mình=9176; hiệu ứng con cho mục tiêu=9188	9176 大晋星痕 [logic 11, 30s]  / 9188 虚弱 [logic 11, 30s] 物理攻击+=-1923; 魔法攻击+=-1923	7	10303202 大晋星痕, 10303205 大晋星痕, 10303208 大晋星痕, 10303211 大晋星痕, 10303415 大晋星痕, 10303418 大晋星痕, 10303421 大晋星痕
9150	大隋凝霜	88	tỉ lệ kích hoạt khi đánh trúng %=30; nhóm chiêu=70; hiệu ứng con cho mình=9177; hiệu ứng con cho mục tiêu=9186	9177 大隋凝霜 [logic 11, 15s]  / 9186 减速 [logic 14, 15s] 移动速度修正%（0为无效）=-40	8	10303447 造化, 10305200 大隋凝霜, 10305203 大隋凝霜, 10305206 大隋凝霜, 10305209 大隋凝霜, 10305417 大隋凝霜, 10305420 大隋凝霜, 10305423 大隋凝霜
9151	大隋凝霜	88	tỉ lệ kích hoạt khi đánh trúng %=20; nhóm chiêu=70; hiệu ứng con cho mình=9178; hiệu ứng con cho mục tiêu=9189	9178 大隋凝霜 [logic 11, 3s]  / 9189 神器吸血 [logic 70, 0s] 伤害数值+=200; HP转移率(整数=100	7	10305201 大隋凝霜, 10305204 大隋凝霜, 10305207 大隋凝霜, 10305210 大隋凝霜, 10305418 大隋凝霜, 10305421 大隋凝霜, 10305424 大隋凝霜
9152	大隋凝霜	88	tỉ lệ kích hoạt khi đánh trúng %=30; nhóm chiêu=70; hiệu ứng con cho mình=9179; hiệu ứng con cho mục tiêu=9188	9179 大隋凝霜 [logic 11, 30s]  / 9188 虚弱 [logic 11, 30s] 物理攻击+=-1923; 魔法攻击+=-1923	7	10305202 大隋凝霜, 10305205 大隋凝霜, 10305208 大隋凝霜, 10305211 大隋凝霜, 10305419 大隋凝霜, 10305422 大隋凝霜, 10305425 大隋凝霜
9153	大唐昆岳	88	tỉ lệ kích hoạt khi đánh trúng %=20; nhóm chiêu=70; hiệu ứng con cho mình=9180; hiệu ứng con cho mục tiêu=9189	9180 大唐昆岳 [logic 11, 3s]  / 9189 神器吸血 [logic 70, 0s] 伤害数值+=200; HP转移率(整数=100	7	10301200 大唐昆岳, 10301203 大唐昆岳, 10301206 大唐昆岳, 10301209 大唐昆岳, 10301417 大唐昆岳, 10301420 大唐昆岳, 10301423 大唐昆岳
9154	大唐昆岳	88	tỉ lệ kích hoạt khi đánh trúng %=30; nhóm chiêu=70; hiệu ứng con cho mình=9181; hiệu ứng con cho mục tiêu=9186	9181 大唐昆岳 [logic 11, 15s]  / 9186 减速 [logic 14, 15s] 移动速度修正%（0为无效）=-40	7	10301201 大唐昆岳, 10301204 大唐昆岳, 10301207 大唐昆岳, 10301210 大唐昆岳, 10301418 大唐昆岳, 10301421 大唐昆岳, 10301424 大唐昆岳
9155	大唐昆岳	88	tỉ lệ kích hoạt khi đánh trúng %=30; nhóm chiêu=70; hiệu ứng con cho mình=9182; hiệu ứng con cho mục tiêu=9188	9182 大唐昆岳 [logic 11, 30s]  / 9188 虚弱 [logic 11, 30s] 物理攻击+=-1923; 魔法攻击+=-1923	7	10301202 大唐昆岳, 10301205 大唐昆岳, 10301208 大唐昆岳, 10301211 大唐昆岳, 10301419 大唐昆岳, 10301422 大唐昆岳, 10301425 大唐昆岳
9156	大宋君岑	88	tỉ lệ kích hoạt khi đánh trúng %=20; nhóm chiêu=70; hiệu ứng con cho mình=9183; hiệu ứng con cho mục tiêu=9189	9183 大宋君岑 [logic 11, 3s]  / 9189 神器吸血 [logic 70, 0s] 伤害数值+=200; HP转移率(整数=100	7	10304100 大宋君岑, 10304103 大宋君岑, 10304106 大宋君岑, 10304109 大宋君岑, 10304408 大宋君岑, 10304411 大宋君岑, 10304414 大宋君岑
9157	大宋君岑	88	tỉ lệ kích hoạt khi đánh trúng %=20; nhóm chiêu=70; hiệu ứng con cho mình=9184; hiệu ứng con cho mục tiêu=9190	9184 大宋君岑 [logic 11, 3s]  / 9190 神器吸气 [logic 70, 0s] MP伤害=100; MP转移率(整数=100	7	10304101 大宋君岑, 10304104 大宋君岑, 10304107 大宋君岑, 10304110 大宋君岑, 10304409 大宋君岑, 10304412 大宋君岑, 10304415 大宋君岑
9158	大宋君岑	88	tỉ lệ kích hoạt khi đánh trúng %=30; nhóm chiêu=70; hiệu ứng con cho mình=9185; hiệu ứng con cho mục tiêu=9188	9185 大宋君岑 [logic 11, 30s]  / 9188 虚弱 [logic 11, 30s] 物理攻击+=-1923; 魔法攻击+=-1923	7	10304102 大宋君岑, 10304105 大宋君岑, 10304108 大宋君岑, 10304111 大宋君岑, 10304410 大宋君岑, 10304413 大宋君岑, 10304416 大宋君岑
9192	大燕韵章	88	tỉ lệ kích hoạt khi đánh trúng %=20; nhóm chiêu=70; hiệu ứng con cho mình=9195; hiệu ứng con cho mục tiêu=9189	9195 大燕韵章 [logic 11, 3s]  / 9189 神器吸血 [logic 70, 0s] 伤害数值+=200; HP转移率(整数=100	7	10302200 大燕韵章, 10302203 大燕韵章, 10302206 大燕韵章, 10302209 大燕韵章, 10302421 大燕韵章, 10302424 大燕韵章, 10302427 大燕韵章
9193	大燕韵章	88	tỉ lệ kích hoạt khi đánh trúng %=30; nhóm chiêu=70; hiệu ứng con cho mình=9196; hiệu ứng con cho mục tiêu=9188	9196 大燕韵章 [logic 11, 30s]  / 9188 虚弱 [logic 11, 30s] 物理攻击+=-1923; 魔法攻击+=-1923	7	10302201 大燕韵章, 10302204 大燕韵章, 10302207 大燕韵章, 10302210 大燕韵章, 10302422 大燕韵章, 10302425 大燕韵章, 10302428 大燕韵章
9194	大燕韵章	88	tỉ lệ kích hoạt khi đánh trúng %=30; nhóm chiêu=70; hiệu ứng con cho mình=9197; hiệu ứng con cho mục tiêu=9187	9197 大燕韵章 [logic 11, 30s]  / 9187 破绽 [logic 11, 30s] 物理防御+=-1923; 魔法防御+=-1923	7	10302202 大燕韵章, 10302205 大燕韵章, 10302208 大燕韵章, 10302211 大燕韵章, 10302423 大燕韵章, 10302426 大燕韵章, 10302429 大燕韵章
9200	明尊	88	tỉ lệ kích hoạt khi đánh trúng %=20; nhóm chiêu=70; hiệu ứng con cho mình=9159; hiệu ứng con cho mục tiêu=9189	9159 大夏龙雀 [logic 11, 3s]  / 9189 神器吸血 [logic 70, 0s] 伤害数值+=200; HP转移率(整数=100	3	10300423 明尊, 10300426 明尊, 10300429 明尊
9201	明尊	88	tỉ lệ kích hoạt khi đánh trúng %=20; nhóm chiêu=70; hiệu ứng con cho mình=9160; hiệu ứng con cho mục tiêu=9186	9160 大夏龙雀 [logic 11, 15s]  / 9186 减速 [logic 14, 15s] 移动速度修正%（0为无效）=-40	3	10300424 明尊, 10300427 明尊, 10300430 明尊
9202	明尊	88	tỉ lệ kích hoạt khi đánh trúng %=20; nhóm chiêu=70; hiệu ứng con cho mình=9161; hiệu ứng con cho mục tiêu=9187	9161 大夏龙雀 [logic 11, 30s]  / 9187 破绽 [logic 11, 30s] 物理防御+=-1923; 魔法防御+=-1923	3	10300425 明尊, 10300428 明尊, 10300431 明尊
9203	伏龙	88	tỉ lệ kích hoạt khi đánh trúng %=20; nhóm chiêu=70; hiệu ứng con cho mình=9162; hiệu ứng con cho mục tiêu=9189	9162 大商尘影 [logic 11, 3s]  / 9189 神器吸血 [logic 70, 0s] 伤害数值+=200; HP转移率(整数=100	3	10301444 伏龙, 10301447 伏龙, 10301450 伏龙
9204	伏龙	88	tỉ lệ kích hoạt khi đánh trúng %=20; nhóm chiêu=70; hiệu ứng con cho mình=9163; hiệu ứng con cho mục tiêu=9190	9163 大商尘影 [logic 11, 3s]  / 9190 神器吸气 [logic 70, 0s] MP伤害=100; MP转移率(整数=100	3	10301445 伏龙, 10301448 伏龙, 10301451 伏龙
9205	伏龙	88	tỉ lệ kích hoạt khi đánh trúng %=20; nhóm chiêu=70; hiệu ứng con cho mình=9164; hiệu ứng con cho mục tiêu=9187	9164 大商尘影 [logic 11, 30s]  / 9187 破绽 [logic 11, 30s] 物理防御+=-1923; 魔法防御+=-1923	3	10301446 伏龙, 10301449 伏龙, 10301452 伏龙
9206	释迦	88	tỉ lệ kích hoạt khi đánh trúng %=20; nhóm chiêu=70; hiệu ứng con cho mình=9165; hiệu ứng con cho mục tiêu=9189	9165 大周岚夜 [logic 11, 3s]  / 9189 神器吸血 [logic 70, 0s] 伤害数值+=200; HP转移率(整数=100	3	10301453 释迦, 10301456 释迦, 10301459 释迦
9207	释迦	88	tỉ lệ kích hoạt khi đánh trúng %=20; nhóm chiêu=70; hiệu ứng con cho mình=9166; hiệu ứng con cho mục tiêu=9188	9166 大周岚夜 [logic 11, 30s]  / 9188 虚弱 [logic 11, 30s] 物理攻击+=-1923; 魔法攻击+=-1923	3	10301454 释迦, 10301457 释迦, 10301460 释迦
9208	释迦	88	tỉ lệ kích hoạt khi đánh trúng %=20; nhóm chiêu=70; hiệu ứng con cho mình=9167; hiệu ứng con cho mục tiêu=9187	9167 大周岚夜 [logic 11, 30s]  / 9187 破绽 [logic 11, 30s] 物理防御+=-1923; 魔法防御+=-1923	3	10301455 释迦, 10301458 释迦, 10301461 释迦
9209	道冲	88	tỉ lệ kích hoạt khi đánh trúng %=20; nhóm chiêu=70; hiệu ứng con cho mình=9168; hiệu ứng con cho mục tiêu=9189	9168 大秦锋镝 [logic 11, 3s]  / 9189 神器吸血 [logic 70, 0s] 伤害数值+=200; HP转移率(整数=100	3	10302449 道冲, 10302452 道冲, 10302455 道冲
9210	道冲	88	tỉ lệ kích hoạt khi đánh trúng %=20; nhóm chiêu=70; hiệu ứng con cho mình=9169; hiệu ứng con cho mục tiêu=9186	9169 大秦锋镝 [logic 11, 15s]  / 9186 减速 [logic 14, 15s] 移动速度修正%（0为无效）=-40	3	10302450 道冲, 10302453 道冲, 10302456 道冲
9211	道冲	88	tỉ lệ kích hoạt khi đánh trúng %=20; nhóm chiêu=70; hiệu ứng con cho mình=9170; hiệu ứng con cho mục tiêu=9188	9170 大秦锋镝 [logic 11, 30s]  / 9188 虚弱 [logic 11, 30s] 物理攻击+=-1923; 魔法攻击+=-1923	3	10302451 道冲, 10302454 道冲, 10302457 道冲
9212	造化	88	tỉ lệ kích hoạt khi đánh trúng %=20; nhóm chiêu=70; hiệu ứng con cho mình=9171; hiệu ứng con cho mục tiêu=9189	9171 大汉弘纲 [logic 11, 3s]  / 9189 神器吸血 [logic 70, 0s] 伤害数值+=200; HP转移率(整数=100	3	10303440 造化, 10303443 造化, 10303446 造化
9213	造化	88	tỉ lệ kích hoạt khi đánh trúng %=20; nhóm chiêu=70; hiệu ứng con cho mình=9172; hiệu ứng con cho mục tiêu=9190	9172 大汉弘纲 [logic 11, 3s]  / 9190 神器吸气 [logic 70, 0s] MP伤害=100; MP转移率(整数=100	2	10303441 造化, 10303444 造化
9214	造化	88	tỉ lệ kích hoạt khi đánh trúng %=20; nhóm chiêu=70; hiệu ứng con cho mình=9173; hiệu ứng con cho mục tiêu=9188	9173 大汉弘纲 [logic 11, 30s]  / 9188 虚弱 [logic 11, 30s] 物理攻击+=-1923; 魔法攻击+=-1923	3	10303442 造化, 10303445 造化, 10303448 造化
9215	幽冥	88	tỉ lệ kích hoạt khi đánh trúng %=20; nhóm chiêu=70; hiệu ứng con cho mình=9174; hiệu ứng con cho mục tiêu=9189	9174 大晋星痕 [logic 11, 3s]  / 9189 神器吸血 [logic 70, 0s] 伤害数值+=200; HP转移率(整数=100	3	10303449 幽冥, 10303452 幽冥, 10303455 幽冥
9216	幽冥	88	tỉ lệ kích hoạt khi đánh trúng %=20; nhóm chiêu=70; hiệu ứng con cho mình=9175; hiệu ứng con cho mục tiêu=9191	9175 大晋星痕 [logic 11, 3s]  / 9191 打怒 [logic 4, 0s] Rage修改量=-20	3	10303450 幽冥, 10303453 幽冥, 10303456 幽冥
9217	幽冥	88	tỉ lệ kích hoạt khi đánh trúng %=20; nhóm chiêu=70; hiệu ứng con cho mình=9176; hiệu ứng con cho mục tiêu=9188	9176 大晋星痕 [logic 11, 30s]  / 9188 虚弱 [logic 11, 30s] 物理攻击+=-1923; 魔法攻击+=-1923	3	10303451 幽冥, 10303454 幽冥, 10303457 幽冥
9218	浮生	88	tỉ lệ kích hoạt khi đánh trúng %=20; nhóm chiêu=70; hiệu ứng con cho mình=9183; hiệu ứng con cho mục tiêu=9189	9183 大宋君岑 [logic 11, 3s]  / 9189 神器吸血 [logic 70, 0s] 伤害数值+=200; HP转移率(整数=100	3	10304427 浮生, 10304430 浮生, 10304433 浮生
9219	浮生	88	tỉ lệ kích hoạt khi đánh trúng %=20; nhóm chiêu=70; hiệu ứng con cho mình=9184; hiệu ứng con cho mục tiêu=9190	9184 大宋君岑 [logic 11, 3s]  / 9190 神器吸气 [logic 70, 0s] MP伤害=100; MP转移率(整数=100	3	10304428 浮生, 10304431 浮生, 10304434 浮生
9220	浮生	88	tỉ lệ kích hoạt khi đánh trúng %=20; nhóm chiêu=70; hiệu ứng con cho mình=9185; hiệu ứng con cho mục tiêu=9188	9185 大宋君岑 [logic 11, 30s]  / 9188 虚弱 [logic 11, 30s] 物理攻击+=-1923; 魔法攻击+=-1923	3	10304429 浮生, 10304432 浮生, 10304435 浮生
9221	入灭	88	tỉ lệ kích hoạt khi đánh trúng %=20; nhóm chiêu=70; hiệu ứng con cho mình=9180; hiệu ứng con cho mục tiêu=9189	9180 大唐昆岳 [logic 11, 3s]  / 9189 神器吸血 [logic 70, 0s] 伤害数值+=200; HP转移率(整数=100	3	10305445 入灭, 10305448 入灭, 10305451 入灭
9222	入灭	88	tỉ lệ kích hoạt khi đánh trúng %=20; nhóm chiêu=70; hiệu ứng con cho mình=9181; hiệu ứng con cho mục tiêu=9186	9181 大唐昆岳 [logic 11, 15s]  / 9186 减速 [logic 14, 15s] 移动速度修正%（0为无效）=-40	3	10305446 入灭, 10305449 入灭, 10305452 入灭
9223	入灭	88	tỉ lệ kích hoạt khi đánh trúng %=20; nhóm chiêu=70; hiệu ứng con cho mình=9182; hiệu ứng con cho mục tiêu=9188	9182 大唐昆岳 [logic 11, 30s]  / 9188 虚弱 [logic 11, 30s] 物理攻击+=-1923; 魔法攻击+=-1923	3	10305447 入灭, 10305450 入灭, 10305453 入灭
9224	神隐	88	tỉ lệ kích hoạt khi đánh trúng %=20; nhóm chiêu=70; hiệu ứng con cho mình=9177; hiệu ứng con cho mục tiêu=9186	9177 大隋凝霜 [logic 11, 15s]  / 9186 减速 [logic 14, 15s] 移动速度修正%（0为无效）=-40	3	10305454 神隐, 10305457 神隐, 10305460 神隐
9225	神隐	88	tỉ lệ kích hoạt khi đánh trúng %=20; nhóm chiêu=70; hiệu ứng con cho mình=9178; hiệu ứng con cho mục tiêu=9189	9178 大隋凝霜 [logic 11, 3s]  / 9189 神器吸血 [logic 70, 0s] 伤害数值+=200; HP转移率(整数=100	3	10305455 神隐, 10305458 神隐, 10305461 神隐
9226	神隐	88	tỉ lệ kích hoạt khi đánh trúng %=20; nhóm chiêu=70; hiệu ứng con cho mình=9179; hiệu ứng con cho mục tiêu=9188	9179 大隋凝霜 [logic 11, 30s]  / 9188 虚弱 [logic 11, 30s] 物理攻击+=-1923; 魔法攻击+=-1923	3	10305456 神隐, 10305459 神隐, 10305462 神隐
9227	帝阙	88	tỉ lệ kích hoạt khi đánh trúng %=20; nhóm chiêu=70; hiệu ứng con cho mình=9195; hiệu ứng con cho mục tiêu=9189	9195 大燕韵章 [logic 11, 3s]  / 9189 神器吸血 [logic 70, 0s] 伤害数值+=200; HP转移率(整数=100	3	10302458 帝阙, 10302461 帝阙, 10302464 帝阙
9228	帝阙	88	tỉ lệ kích hoạt khi đánh trúng %=30; nhóm chiêu=70; hiệu ứng con cho mình=9196; hiệu ứng con cho mục tiêu=9188	9196 大燕韵章 [logic 11, 30s]  / 9188 虚弱 [logic 11, 30s] 物理攻击+=-1923; 魔法攻击+=-1923	3	10302459 帝阙, 10302462 帝阙, 10302465 帝阙
9229	帝阙	88	tỉ lệ kích hoạt khi đánh trúng %=30; nhóm chiêu=70; hiệu ứng con cho mình=9197; hiệu ứng con cho mục tiêu=9187	9197 大燕韵章 [logic 11, 30s]  / 9187 破绽 [logic 11, 30s] 物理防御+=-1923; 魔法防御+=-1923	3	10302460 帝阙, 10302463 帝阙, 10302466 帝阙
9230	归墟	88	tỉ lệ kích hoạt khi đánh trúng %=20; nhóm chiêu=70; hiệu ứng con cho mình=9043; hiệu ứng con cho mục tiêu=9190	9043 大梁辟天 [logic 11, 3s]  / 9190 神器吸气 [logic 70, 0s] MP伤害=100; MP转移率(整数=100	3	10306043 归墟, 10306046 归墟, 10306049 归墟
9231	归墟	88	tỉ lệ kích hoạt khi đánh trúng %=20; nhóm chiêu=70; hiệu ứng con cho mình=9044; hiệu ứng con cho mục tiêu=9189	9044 大梁辟天 [logic 11, 3s]  / 9189 神器吸血 [logic 70, 0s] 伤害数值+=200; HP转移率(整数=100	3	10306044 归墟, 10306047 归墟, 10306050 归墟
9232	归墟	88	tỉ lệ kích hoạt khi đánh trúng %=20; nhóm chiêu=70; hiệu ứng con cho mình=9045; hiệu ứng con cho mục tiêu=9189	9045 大梁辟天 [logic 11, 3s]  / 9189 神器吸血 [logic 70, 0s] 伤害数值+=200; HP转移率(整数=100	3	10306045 归墟, 10306048 归墟, 10306051 归墟
9233	天谕	88	tỉ lệ kích hoạt khi đánh trúng %=20; nhóm chiêu=70; hiệu ứng con cho mình=9054; hiệu ứng con cho mục tiêu=9187	9054 大魏长歌 [logic 11, 3s]  / 9187 破绽 [logic 11, 30s] 物理防御+=-1923; 魔法防御+=-1923	3	10307043 天谕, 10307046 天谕, 10307049 天谕
9234	天谕	88	tỉ lệ kích hoạt khi đánh trúng %=20; nhóm chiêu=70; hiệu ứng con cho mình=9055; hiệu ứng con cho mục tiêu=9186	9055 大魏长歌 [logic 11, 3s]  / 9186 减速 [logic 14, 15s] 移动速度修正%（0为无效）=-40	3	10307044 天谕, 10307047 天谕, 10307050 天谕
9235	天谕	88	tỉ lệ kích hoạt khi đánh trúng %=20; nhóm chiêu=70; hiệu ứng con cho mình=9056; hiệu ứng con cho mục tiêu=9189	9056 大魏长歌 [logic 11, 3s]  / 9189 神器吸血 [logic 70, 0s] 伤害数值+=200; HP转移率(整数=100	3	10307045 天谕, 10307048 天谕, 10307051 天谕
9300	九霄焱阳	88	tỉ lệ kích hoạt khi đánh trúng %=20; nhóm chiêu=70; hiệu ứng con cho mình=9159; hiệu ứng con cho mục tiêu=9189	9159 大夏龙雀 [logic 11, 3s]  / 9189 神器吸血 [logic 70, 0s] 伤害数值+=200; HP转移率(整数=100	3	10300413 九霄焱阳, 10300416 九霄焱阳, 10300419 九霄焱阳
9301	九霄焱阳	88	tỉ lệ kích hoạt khi đánh trúng %=20; nhóm chiêu=70; hiệu ứng con cho mình=9160; hiệu ứng con cho mục tiêu=9186	9160 大夏龙雀 [logic 11, 15s]  / 9186 减速 [logic 14, 15s] 移动速度修正%（0为无效）=-40	3	10300414 九霄焱阳, 10300417 九霄焱阳, 10300420 九霄焱阳
9302	九霄焱阳	88	tỉ lệ kích hoạt khi đánh trúng %=20; nhóm chiêu=70; hiệu ứng con cho mình=9161; hiệu ứng con cho mục tiêu=9187	9161 大夏龙雀 [logic 11, 30s]  / 9187 破绽 [logic 11, 30s] 物理防御+=-1923; 魔法防御+=-1923	3	10300415 九霄焱阳, 10300418 九霄焱阳, 10300421 九霄焱阳
9303	洪荒龙舞	88	tỉ lệ kích hoạt khi đánh trúng %=20; nhóm chiêu=70; hiệu ứng con cho mình=9162; hiệu ứng con cho mục tiêu=9189	9162 大商尘影 [logic 11, 3s]  / 9189 神器吸血 [logic 70, 0s] 伤害数值+=200; HP转移率(整数=100	3	10301426 洪荒龙舞, 10301429 洪荒龙舞, 10301432 洪荒龙舞
9304	洪荒龙舞	88	tỉ lệ kích hoạt khi đánh trúng %=20; nhóm chiêu=70; hiệu ứng con cho mình=9163; hiệu ứng con cho mục tiêu=9190	9163 大商尘影 [logic 11, 3s]  / 9190 神器吸气 [logic 70, 0s] MP伤害=100; MP转移率(整数=100	3	10301427 洪荒龙舞, 10301430 洪荒龙舞, 10301433 洪荒龙舞
9305	洪荒龙舞	88	tỉ lệ kích hoạt khi đánh trúng %=20; nhóm chiêu=70; hiệu ứng con cho mình=9164; hiệu ứng con cho mục tiêu=9187	9164 大商尘影 [logic 11, 30s]  / 9187 破绽 [logic 11, 30s] 物理防御+=-1923; 魔法防御+=-1923	3	10301428 洪荒龙舞, 10301431 洪荒龙舞, 10301434 洪荒龙舞
9306	达摩一叹	88	tỉ lệ kích hoạt khi đánh trúng %=20; nhóm chiêu=70; hiệu ứng con cho mình=9165; hiệu ứng con cho mục tiêu=9189	9165 大周岚夜 [logic 11, 3s]  / 9189 神器吸血 [logic 70, 0s] 伤害数值+=200; HP转移率(整数=100	3	10301435 达摩一叹, 10301438 达摩一叹, 10301441 达摩一叹
9307	达摩一叹	88	tỉ lệ kích hoạt khi đánh trúng %=20; nhóm chiêu=70; hiệu ứng con cho mình=9166; hiệu ứng con cho mục tiêu=9188	9166 大周岚夜 [logic 11, 30s]  / 9188 虚弱 [logic 11, 30s] 物理攻击+=-1923; 魔法攻击+=-1923	3	10301436 达摩一叹, 10301439 达摩一叹, 10301442 达摩一叹
9308	达摩一叹	88	tỉ lệ kích hoạt khi đánh trúng %=20; nhóm chiêu=70; hiệu ứng con cho mình=9167; hiệu ứng con cho mục tiêu=9187	9167 大周岚夜 [logic 11, 30s]  / 9187 破绽 [logic 11, 30s] 物理防御+=-1923; 魔法防御+=-1923	3	10301437 达摩一叹, 10301440 达摩一叹, 10301443 达摩一叹
9309	大衍天玄	88	tỉ lệ kích hoạt khi đánh trúng %=20; nhóm chiêu=70; hiệu ứng con cho mình=9168; hiệu ứng con cho mục tiêu=9189	9168 大秦锋镝 [logic 11, 3s]  / 9189 神器吸血 [logic 70, 0s] 伤害数值+=200; HP转移率(整数=100	3	10302430 大衍天玄, 10302433 大衍天玄, 10302436 大衍天玄
9310	大衍天玄	88	tỉ lệ kích hoạt khi đánh trúng %=20; nhóm chiêu=70; hiệu ứng con cho mình=9169; hiệu ứng con cho mục tiêu=9186	9169 大秦锋镝 [logic 11, 15s]  / 9186 减速 [logic 14, 15s] 移动速度修正%（0为无效）=-40	3	10302431 大衍天玄, 10302434 大衍天玄, 10302437 大衍天玄
9311	大衍天玄	88	tỉ lệ kích hoạt khi đánh trúng %=20; nhóm chiêu=70; hiệu ứng con cho mình=9170; hiệu ứng con cho mục tiêu=9188	9170 大秦锋镝 [logic 11, 30s]  / 9188 虚弱 [logic 11, 30s] 物理攻击+=-1923; 魔法攻击+=-1923	3	10302432 大衍天玄, 10302435 大衍天玄, 10302438 大衍天玄
9312	倚天长生	88	tỉ lệ kích hoạt khi đánh trúng %=20; nhóm chiêu=70; hiệu ứng con cho mình=9171; hiệu ứng con cho mục tiêu=9189	9171 大汉弘纲 [logic 11, 3s]  / 9189 神器吸血 [logic 70, 0s] 伤害数值+=200; HP转移率(整数=100	3	10303422 倚天长生, 10303425 倚天长生, 10303428 倚天长生
9313	倚天长生	88	tỉ lệ kích hoạt khi đánh trúng %=20; nhóm chiêu=70; hiệu ứng con cho mình=9172; hiệu ứng con cho mục tiêu=9190	9172 大汉弘纲 [logic 11, 3s]  / 9190 神器吸气 [logic 70, 0s] MP伤害=100; MP转移率(整数=100	3	10303423 倚天长生, 10303426 倚天长生, 10303429 倚天长生
9314	倚天长生	88	tỉ lệ kích hoạt khi đánh trúng %=20; nhóm chiêu=70; hiệu ứng con cho mình=9173; hiệu ứng con cho mục tiêu=9188	9173 大汉弘纲 [logic 11, 30s]  / 9188 虚弱 [logic 11, 30s] 物理攻击+=-1923; 魔法攻击+=-1923	3	10303424 倚天长生, 10303427 倚天长生, 10303430 倚天长生
9315	六道黄泉	88	tỉ lệ kích hoạt khi đánh trúng %=20; nhóm chiêu=70; hiệu ứng con cho mình=9174; hiệu ứng con cho mục tiêu=9189	9174 大晋星痕 [logic 11, 3s]  / 9189 神器吸血 [logic 70, 0s] 伤害数值+=200; HP转移率(整数=100	3	10303431 六道黄泉, 10303434 六道黄泉, 10303437 六道黄泉
9316	六道黄泉	88	tỉ lệ kích hoạt khi đánh trúng %=20; nhóm chiêu=70; hiệu ứng con cho mình=9175; hiệu ứng con cho mục tiêu=9191	9175 大晋星痕 [logic 11, 3s]  / 9191 打怒 [logic 4, 0s] Rage修改量=-20	3	10303432 六道黄泉, 10303435 六道黄泉, 10303438 六道黄泉
9317	六道黄泉	88	tỉ lệ kích hoạt khi đánh trúng %=20; nhóm chiêu=70; hiệu ứng con cho mình=9176; hiệu ứng con cho mục tiêu=9188	9176 大晋星痕 [logic 11, 30s]  / 9188 虚弱 [logic 11, 30s] 物理攻击+=-1923; 魔法攻击+=-1923	3	10303433 六道黄泉, 10303436 六道黄泉, 10303439 六道黄泉
9318	太古飘翎	88	tỉ lệ kích hoạt khi đánh trúng %=20; nhóm chiêu=70; hiệu ứng con cho mình=9183; hiệu ứng con cho mục tiêu=9189	9183 大宋君岑 [logic 11, 3s]  / 9189 神器吸血 [logic 70, 0s] 伤害数值+=200; HP转移率(整数=100	3	10304417 太古飘翎, 10304420 太古飘翎, 10304423 太古飘翎
9319	太古飘翎	88	tỉ lệ kích hoạt khi đánh trúng %=20; nhóm chiêu=70; hiệu ứng con cho mình=9184; hiệu ứng con cho mục tiêu=9190	9184 大宋君岑 [logic 11, 3s]  / 9190 神器吸气 [logic 70, 0s] MP伤害=100; MP转移率(整数=100	3	10304418 太古飘翎, 10304421 太古飘翎, 10304424 太古飘翎
9320	太古飘翎	88	tỉ lệ kích hoạt khi đánh trúng %=20; nhóm chiêu=70; hiệu ứng con cho mình=9185; hiệu ứng con cho mục tiêu=9188	9185 大宋君岑 [logic 11, 30s]  / 9188 虚弱 [logic 11, 30s] 物理攻击+=-1923; 魔法攻击+=-1923	3	10304419 太古飘翎, 10304422 太古飘翎, 10304425 太古飘翎
9321	万世枯荣	88	tỉ lệ kích hoạt khi đánh trúng %=20; nhóm chiêu=70; hiệu ứng con cho mình=9180; hiệu ứng con cho mục tiêu=9189	9180 大唐昆岳 [logic 11, 3s]  / 9189 神器吸血 [logic 70, 0s] 伤害数值+=200; HP转移率(整数=100	3	10305426 万世枯荣, 10305429 万世枯荣, 10305432 万世枯荣
9322	万世枯荣	88	tỉ lệ kích hoạt khi đánh trúng %=20; nhóm chiêu=70; hiệu ứng con cho mình=9181; hiệu ứng con cho mục tiêu=9186	9181 大唐昆岳 [logic 11, 15s]  / 9186 减速 [logic 14, 15s] 移动速度修正%（0为无效）=-40	3	10305427 万世枯荣, 10305430 万世枯荣, 10305433 万世枯荣
9323	万世枯荣	88	tỉ lệ kích hoạt khi đánh trúng %=20; nhóm chiêu=70; hiệu ứng con cho mình=9182; hiệu ứng con cho mục tiêu=9188	9182 大唐昆岳 [logic 11, 30s]  / 9188 虚弱 [logic 11, 30s] 物理攻击+=-1923; 魔法攻击+=-1923	3	10305428 万世枯荣, 10305431 万世枯荣, 10305434 万世枯荣
9324	无相绝踪	88	tỉ lệ kích hoạt khi đánh trúng %=20; nhóm chiêu=70; hiệu ứng con cho mình=9177; hiệu ứng con cho mục tiêu=9186	9177 大隋凝霜 [logic 11, 15s]  / 9186 减速 [logic 14, 15s] 移动速度修正%（0为无效）=-40	3	10305435 无相绝踪, 10305438 无相绝踪, 10305441 无相绝踪
9325	无相绝踪	88	tỉ lệ kích hoạt khi đánh trúng %=20; nhóm chiêu=70; hiệu ứng con cho mình=9178; hiệu ứng con cho mục tiêu=9189	9178 大隋凝霜 [logic 11, 3s]  / 9189 神器吸血 [logic 70, 0s] 伤害数值+=200; HP转移率(整数=100	3	10305436 无相绝踪, 10305439 无相绝踪, 10305442 无相绝踪
9326	无相绝踪	88	tỉ lệ kích hoạt khi đánh trúng %=20; nhóm chiêu=70; hiệu ứng con cho mình=9179; hiệu ứng con cho mục tiêu=9188	9179 大隋凝霜 [logic 11, 30s]  / 9188 虚弱 [logic 11, 30s] 物理攻击+=-1923; 魔法攻击+=-1923	3	10305437 无相绝踪, 10305440 无相绝踪, 10305443 无相绝踪
