# Ngoc / bao thach. Cot: ID, Ten
# Nguon: server/Public/Config/GemInfo.txt. Tao bang GM: !!createitem =ID =so_luong
50101001	Miêu Nhãn Thạch (cấp 1)
50101002	Hổ Nhãn Thạch (cấp 1)
50102001	Hoàng Tinh Thạch (cấp 1)
50102002	Lam Tinh Thạch (cấp 1)
50102003	Hồng Tinh Thạch (cấp 1)
50102004	Lục Tinh Thạch (cấp 1)
50102005	Thuần tịnh hoàng tinh thạch (cấp 1)
50102006	Thuần tịnh lam tinh thạch (cấp 1)
50102007	Thuần tịnh hồng tinh thạch (cấp 1)
50102008	Thuần tịnh lục tinh thạch (cấp 1)
50103001	Tử Ngọc (cấp 1)
50104002	Biến thạch (cấp 1)
50111001	Thạch Lựu Thạch (cấp 1)
50111002	Tiêm Tinh Thạch (cấp 1)
50112001	Hoàng Ngọc (cấp 1)
50112002	Hạo thạch (cấp 1)
50112003	Nguyệt Quang Thạch (cấp 1)
50112004	Bích tỷ (cấp 1)
50112005	Thuần tịnh hoàng ngọc (cấp 1)
50112006	Thuần tịnh hạo thạch (cấp 1)
50112007	Thuần tịnh dạ quang thạch (cấp 1)
50112008	Thuần tịnh bích tỷ (cấp 1)
50113001	Hoàng Bảo Thạch (cấp 1)
50113002	Lam Bảo Thạch (cấp 1)
50113003	Lục Bảo Thạch (cấp 1)
50113004	Hồng Bảo Thạch (cấp 1)
50113005	Hắc Bảo Thạch (cấp 1)
50113006	Huyết tinh thạch (cấp 1)
50114001	Tổ mẫu lục (cấp 1)
50121001	Hoàng Minh Thạch (cấp 1)
50121002	Lam Minh Thạch (cấp 1)
50121003	Hồng Minh Thạch (cấp 1)
50121004	Lục Minh Thạch (cấp 1)
50201001	Miêu Nhãn Thạch (cấp 2)
50201002	Hổ Nhãn Thạch (cấp 2)
50202001	Hoàng Tinh Thạch (cấp 2)
50202002	Lam Tinh Thạch (cấp 2)
50202003	Hồng Tinh Thạch (cấp 2)
50202004	Lục Tinh Thạch (cấp 2)
50202005	Thuần tịnh hoàng tinh thạch (cấp 2)
50202006	Thuần tịnh lam tinh thạch (cấp 2)
50202007	Thuần tịnh hồng tinh thạch (cấp 2)
50202008	Thuần tịnh lục tinh thạch (cấp 2)
50203001	Tử Ngọc (cấp 2)
50204002	Biến Thạch (cấp 2)
50211001	Thạch Lựu Thạch (cấp 2)
50211002	Tiêm Tinh Thạch (cấp 2)
50212001	Hoàng Ngọc (cấp 2)
50212002	Hạo Thạch (cấp 2)
50212003	Nguyệt Quang Thạch (cấp 2)
50212004	Bích Tỷ (cấp 2)
50212005	Thuần tịnh hoàng ngọc (cấp 2)
50212006	Thuần tịnh hạo thạch (cấp 2)
50212007	Thuần tịnh dạ quang thạch (cấp 2)
50212008	Thuần tịnh bích tỷ (cấp 2)
50213001	Hoàng Bảo Thạch (cấp 2)
50213002	Lam Bảo Thạch (cấp 2)
50213003	Lục Bảo Thạch (cấp 2)
50213004	Hồng Bảo Thạch (cấp 2)
50213005	Hắc Bảo Thạch (cấp 2)
50213006	Huyết tinh thạch (cấp 2)
50214001	Tổ Mẫu Lục (cấp 2)
50221001	Hoàng Minh Thạch (cấp 2)
50221002	Lam Minh Thạch (cấp 2)
50221003	Hồng Minh Thạch (cấp 2)
50221004	Lục Minh Thạch (cấp 2)
50301001	Miêu Nhãn Thạch (cấp 3)
50301002	Hổ Nhãn Thạch (cấp 3)
50302001	Hoàng Tinh Thạch (cấp 3)
50302002	Lam Tinh Thạch (cấp 3)
50302003	Hồng Tinh Thạch (cấp 3)
50302004	Lục Tinh Thạch (cấp 3)
50302005	Thuần tịnh hoàng tinh thạch (cấp 3)
50302006	Thuần tịnh lam tinh thạch (cấp 3)
50302007	Thuần tịnh hồng tinh thạch (cấp 3)
50302008	Thuần tịnh lục tinh thạch (cấp 3)
50303001	Tử Ngọc (cấp 3)
50304002	Biến Thạch (cấp 3)
50311001	Thạch Lựu Thạch (cấp 3)
50311002	Tiêm Tinh Thạch (cấp 3)
50312001	Hoàng Ngọc (cấp 3)
50312002	Hạo Thạch (cấp 3)
50312003	Nguyệt Quang Thạch (cấp 3)
50312004	Bích Tỷ (cấp 3)
50312005	Thuần tịnh hoàng ngọc (cấp 3)
50312006	Thuần tịnh hạo thạch (cấp 3)
50312007	Thuần tịnh dạ quang thạch (cấp 3)
50312008	Thuần tịnh bích tỷ (cấp 3)
50313001	Hoàng Bảo Thạch (cấp 3)
50313002	Lam Bảo Thạch (cấp 3)
50313003	Lục Bảo Thạch (cấp 3)
50313004	Hồng Bảo Thạch (cấp 3)
50313005	Hắc Bảo Thạch (cấp 3)
50313006	Huyết tinh thạch (cấp 3)
50314001	Tổ Mẫu Lục (cấp 3)
50321001	Hoàng Minh Thạch (cấp 3)
50321002	Lam Minh Thạch (cấp 3)
50321003	Hồng Minh Thạch (cấp 3)
50321004	Lục Minh Thạch (cấp 3)
50321101	Hoàng Minh Tinh Thạch (Cấp 3-1)
50321102	Hoàng Minh Tinh Thạch (Cấp 3-2)
50321103	Hoàng Minh Tinh Thạch (Cấp 3-3)
50321201	Lam Minh Tinh Thạch (Cấp 3-1)
50321202	Lam Minh Tinh Thạch (Cấp 3-2)
50321203	Lam Minh Tinh Thạch (Cấp 3-3)
50321301	Hồng Minh Tinh Thạch (Cấp 3-1)
50321302	Hồng Minh Tinh Thạch (Cấp 3-2)
50321303	Hồng Minh Tinh Thạch (Cấp 3-3)
50321401	Lục Minh Tinh Thạch (Cấp 3-1)
50321402	Lục Minh Tinh Thạch (Cấp 3-2)
50321403	Lục Minh Tinh Thạch (Cấp 3-3)
50401001	Miêu Nhãn Thạch (cấp 4)
50401002	Hổ Nhãn Thạch (cấp 4)
50402001	Hoàng Tinh Thạch (cấp 4)
50402002	Lam Tinh Thạch (cấp 4)
50402003	Hồng Tinh Thạch (cấp 4)
50402004	Lục Tinh Thạch (cấp 4)
50402005	Thuần tịnh hoàng tinh thạch (cấp 4)
50402006	Thuần tịnh lam tinh thạch (cấp 4)
50402007	Thuần tịnh hồng tinh thạch (cấp 4)
50402008	Thuần tịnh lục tinh thạch (cấp 4)
50403001	Tử Ngọc (cấp 4)
50404002	Biến Thạch (cấp 4)
50411001	Thạch Lựu Thạch (cấp 4)
50411002	Tiêm Tinh Thạch (cấp 4)
50412001	Hoàng Ngọc (cấp 4)
50412002	Hạo Thạch (cấp 4)
50412003	Nguyệt Quang Thạch (cấp 4)
50412004	Bích Tỷ (cấp 4)
50412005	Thuần tịnh hoàng ngọc (cấp 4)
50412006	Thuần tịnh hạo thạch (cấp 4)
50412007	Thuần tịnh dạ quang thạch (cấp 4)
50412008	Thuần tịnh bích tỷ (cấp 4)
50413001	Hoàng Bảo Thạch (cấp 4)
50413002	Lam Bảo Thạch (cấp 4)
50413003	Lục Bảo Thạch (cấp 4)
50413004	Hồng Bảo Thạch (cấp 4)
50413005	Hắc Bảo Thạch (cấp 4)
50413006	Huyết tinh thạch (cấp 4)
50414001	Tổ Mẫu Lục (cấp 4)
50421001	Hoàng Minh Thạch (cấp 4)
50421002	Lam Minh Thạch (cấp 4)
50421003	Hồng Minh Thạch (cấp 4)
50421004	Lục Minh Thạch (cấp 4)
50421101	Hoàng Minh Tinh Thạch (Cấp 4-1)
50421102	Hoàng Minh Tinh Thạch (Cấp 4-2)
50421103	Hoàng Minh Tinh Thạch (Cấp 4-3)
50421104	Hoàng Minh Tinh Thạch (Cấp 4-4)
50421201	Lam Minh Tinh Thạch (Cấp 4-1)
50421202	Lam Minh Tinh Thạch (Cấp 4-2)
50421203	Lam Minh Tinh Thạch (Cấp 4-3)
50421204	Lam Minh Tinh Thạch (Cấp 4-4)
50421301	Hồng Minh Tinh Thạch (Cấp 4-1)
50421302	Hồng Minh Tinh Thạch (Cấp 4-2)
50421303	Hồng Minh Tinh Thạch (Cấp 4-3)
50421304	Hồng Minh Tinh Thạch (Cấp 4-4)
50421401	Lục Minh Tinh Thạch (Cấp 4-1)
50421402	Lục Minh Tinh Thạch (Cấp 4-2)
50421403	Lục Minh Tinh Thạch (Cấp 4-3)
50421404	Lục Minh Tinh Thạch (Cấp 4-4)
50431001	Băng lam lưu vân - kiên (Cấp 4)
50431002	Tử vi tinh quang - kiên (Cấp 4)
50431003	Thúy ngọc tinh trần - kiên (Cấp 4)
50431004	Chanh ảnh như mộng - kiên (Cấp 4)
50431005	Hoa lạc hồng trần - kiên (Cấp 4)
50431006	Điệp ảnh tâm hoa - kiên (Cấp 4)
50431007	Thước vũ hồng liên - kiên (Cấp 4)
50431008	Diệu vũ phương lan - kiên (Cấp 4)
50431009	Ngọc Kim Sa-Kiên(cấp 4)
50431010	Hàn Mộng Tình Liên-Kiên(cấp 4)
50432001	Băng lam lưu vân - yêu (Cấp 4)
50432002	Tử vi tinh quang - yêu (Cấp 4)
50432003	Thúy ngọc tinh trần - yêu (Cấp 4)
50432004	Chanh ảnh như mộng - yêu (Cấp 4)
50432005	Hoa lạc hồng trần - yêu (Cấp 4)
50432006	Điệp ảnh tâm hoa - yêu (Cấp 4)
50432007	Thước vũ hồng liên - yêu (Cấp 4)
50432008	Diệu vũ phương lan - yêu (Cấp 4)
50432009	Ngọc Kim Sa-Yêu(cấp 4)
50432010	Hàn Mộng Tình Liên-Yêu(cấp 4)
50433001	Băng lam lưu vân - cước (Cấp 4)
50433002	Tử vi tinh quang - cước (Cấp 4)
50433003	Thúy ngọc tinh trần - cước (Cấp 4)
50433004	Chanh ảnh như mộng - cước (Cấp 4)
50433005	Hoa lạc hồng trần - cước (Cấp 4)
50433006	Điệp ảnh tâm hoa - cước (Cấp 4)
50433007	Thước vũ hồng liên - cước (Cấp 4)
50433008	Diệu vũ phương lan - cước (Cấp 4)
50433009	Ngọc Kim Sa-cước(Cấp 4)
50433010	Hàn Mộng Tình Liên-cước(Cấp 4)
50501001	Miêu Nhãn Thạch (cấp 5)
50501002	Hổ Nhãn Thạch (cấp 5)
50502001	Hoàng Tinh Thạch (cấp 5)
50502002	Lam Tinh Thạch (cấp 5)
50502003	Hồng Tinh Thạch (cấp 5)
50502004	Lục Tinh Thạch (cấp 5)
50502005	Thuần tịnh hoàng tinh thạch (cấp 5)
50502006	Thuần tịnh lam tinh thạch (cấp 5)
50502007	Thuần tịnh hồng tinh thạch (cấp 5)
50502008	Thuần tịnh lục tinh thạch (cấp 5)
50503001	Tử Ngọc (cấp 5)
50504002	Biến Thạch (cấp 5)
50511001	Thạch Lựu Thạch (cấp 5)
50511002	Tiêm Tinh Thạch (cấp 5)
50512001	Hoàng Ngọc (cấp 5)
50512002	Hạo Thạch (cấp 5)
50512003	Nguyệt Quang Thạch (cấp 5)
50512004	Bích Tỷ (cấp 5)
50512005	Thuần tịnh hoàng ngọc (cấp 5)
50512006	Thuần tịnh hạo thạch (cấp 5)
50512007	Thuần tịnh dạ quang thạch (cấp 5)
50512008	Thuần tịnh bích tỷ (cấp 5)
50513001	Hoàng Bảo Thạch (cấp 5)
50513002	Lam Bảo Thạch (cấp 5)
50513003	Lục Bảo Thạch (cấp 5)
50513004	Hồng Bảo Thạch (cấp 5)
50513005	Hắc Bảo Thạch (cấp 5)
50513006	Huyết tinh thạch (cấp 5)
50514001	Tổ Mẫu Lục (cấp 5)
50521001	Hoàng Minh Thạch (cấp 5)
50521002	Lam Minh Thạch (cấp 5)
50521003	Hồng Minh Thạch (cấp 5)
50521004	Lục Minh Thạch (cấp 5)
50521101	Hoàng Minh Tinh Thạch (Cấp 5-1)
50521102	Hoàng Minh Tinh Thạch (Cấp 5-2)
50521103	Hoàng Minh Tinh Thạch (Cấp 5-3)
50521104	Hoàng Minh Tinh Thạch (Cấp 5-4)
50521105	Hoàng Minh Tinh Thạch (Cấp 5-5)
50521201	Lam Minh Tinh Thạch (Cấp 5-1)
50521202	Lam Minh Tinh Thạch (Cấp 5-2)
50521203	Lam Minh Tinh Thạch (Cấp 5-3)
50521204	Lam Minh Tinh Thạch (Cấp 5-4)
50521205	Lam Minh Tinh Thạch (Cấp 5-5)
50521301	Hồng Minh Tinh Thạch (Cấp 5-1)
50521302	Hồng Minh Tinh Thạch (Cấp 5-2)
50521303	Hồng Minh Tinh Thạch (Cấp 5-3)
50521304	Hồng Minh Tinh Thạch (Cấp 5-4)
50521305	Hồng Minh Tinh Thạch (Cấp 5-5)
50521401	Lục Minh Tinh Thạch (Cấp 5-1)
50521402	Lục Minh Tinh Thạch (Cấp 5-2)
50521403	Lục Minh Tinh Thạch (Cấp 5-3)
50521404	Lục Minh Tinh Thạch (Cấp 5-4)
50521405	Lục Minh Tinh Thạch (Cấp 5-5)
50601001	Miêu Nhãn Thạch (cấp 6)
50601002	Hổ Nhãn Thạch (cấp 6)
50602001	Hoàng Tinh Thạch (cấp 6)
50602002	Lam Tinh Thạch (cấp 6)
50602003	Hồng Tinh Thạch (cấp 6)
50602004	Lục Tinh Thạch (cấp 6)
50602005	Thuần tịnh hoàng tinh thạch (cấp 6)
50602006	Thuần tịnh lam tinh thạch (cấp 6)
50602007	Thuần tịnh hồng tinh thạch (cấp 6)
50602008	Thuần tịnh lục tinh thạch (cấp 6)
50603001	Tử Ngọc (cấp 6)
50604002	Biến Thạch (cấp 6)
50611001	Thạch Lựu Thạch (cấp 6)
50611002	Tiêm Tinh Thạch (cấp 6)
50612001	Hoàng Ngọc (cấp 6)
50612002	Hạo Thạch (cấp 6)
50612003	Nguyệt Quang Thạch (cấp 6)
50612004	Bích Tỷ (cấp 6)
50612005	Thuần tịnh hoàng ngọc (cấp 6)
50612006	Thuần tịnh hạo thạch (cấp 6)
50612007	Thuần tịnh dạ quang thạch (cấp 6)
50612008	Thuần tịnh bích tỷ (cấp 6)
50613001	Hoàng Bảo Thạch (cấp 6)
50613002	Lam Bảo Thạch (cấp 6)
50613003	Lục Bảo Thạch (cấp 6)
50613004	Hồng Bảo Thạch (cấp 6)
50613005	Hắc Bảo Thạch (cấp 6)
50613006	Huyết tinh thạch (cấp 6)
50614001	Tổ Mẫu Lục (cấp 6)
50621001	Hoàng Minh Thạch (cấp 6)
50621002	Lam Minh Thạch (cấp 6)
50621003	Hồng Minh Thạch (cấp 6)
50621004	Lục Minh Thạch (cấp 6)
50621101	Hoàng Minh Tinh Thạch (Cấp 6-1)
50621102	Hoàng Minh Tinh Thạch (Cấp 6-2)
50621103	Hoàng Minh Tinh Thạch (Cấp 6-3)
50621104	Hoàng Minh Tinh Thạch (Cấp 6-4)
50621105	Hoàng Minh Tinh Thạch (Cấp 6-5)
50621106	Hoàng Minh Tinh Thạch (Cấp 6-6)
50621201	Lam Minh Tinh Thạch (Cấp 6-1)
50621202	Lam Minh Tinh Thạch (Cấp 6-2)
50621203	Lam Minh Tinh Thạch (Cấp 6-3)
50621204	Lam Minh Tinh Thạch (Cấp 6-4)
50621205	Lam Minh Tinh Thạch (Cấp 6-5)
50621206	Lam Minh Tinh Thạch (Cấp 6-6)
50621301	Hồng Minh Tinh Thạch (Cấp 6-1)
50621302	Hồng Minh Tinh Thạch (Cấp 6-2)
50621303	Hồng Minh Tinh Thạch (Cấp 6-3)
50621304	Hồng Minh Tinh Thạch (Cấp 6-4)
50621305	Hồng Minh Tinh Thạch (Cấp 6-5)
50621306	Hồng Minh Tinh Thạch (Cấp 6-6)
50621401	Lục Minh Tinh Thạch (Cấp 6-1)
50621402	Lục Minh Tinh Thạch (Cấp 6-2)
50621403	Lục Minh Tinh Thạch (Cấp 6-3)
50621404	Lục Minh Tinh Thạch (Cấp 6-4)
50621405	Lục Minh Tinh Thạch (Cấp 6-5)
50621406	Lục Minh Tinh Thạch (Cấp 6-6)
50701001	Miêu Nhãn Thạch (cấp 7)
50701002	Hổ Nhãn Thạch (cấp 7)
50702001	Hoàng Tinh Thạch (cấp 7)
50702002	Lam Tinh Thạch (cấp 7)
50702003	Hồng Tinh Thạch (cấp 7)
50702004	Lục Tinh Thạch (cấp 7)
50702005	Thuần tịnh hoàng tinh thạch (cấp 7)
50702006	Thuần tịnh lam tinh thạch (cấp 7)
50702007	Thuần tịnh hồng tinh thạch (cấp 7)
50702008	Thuần tịnh lục tinh thạch (cấp 7)
50703001	Tử Ngọc (cấp 7)
50704002	Biến Thạch (cấp 7)
50711001	Thạch Lựu Thạch (cấp 7)
50711002	Tiêm Tinh Thạch (cấp 7)
50712001	Hoàng Ngọc (cấp 7)
50712002	Hạo Thạch (cấp 7)
50712003	Nguyệt Quang Thạch (cấp 7)
50712004	Bích Tỷ (cấp 7)
50712005	Thuần tịnh hoàng ngọc (cấp 7)
50712006	Thuần tịnh hạo thạch (cấp 7)
50712007	Thuần tịnh dạ quang thạch (cấp 7)
50712008	Thuần tịnh bích tỷ (cấp 7)
50713001	Hoàng Bảo Thạch (cấp 7)
50713002	Lam Bảo Thạch (cấp 7)
50713003	Lục Bảo Thạch (cấp 7)
50713004	Hồng Bảo Thạch (cấp 7)
50713005	Hắc Bảo Thạch (cấp 7)
50713006	Huyết tinh thạch (cấp 7)
50714001	Tổ Mẫu Lục (cấp 7)
50721001	Hoàng Minh Thạch (cấp 7)
50721002	Lam Minh Thạch (cấp 7)
50721003	Hồng Minh Thạch (cấp 7)
50721004	Lục Minh Thạch (cấp 7)
50721101	Hoàng Minh Tinh Thạch (Cấp 7-1)
50721102	Hoàng Minh Tinh Thạch (Cấp 7-2)
50721103	Hoàng Minh Tinh Thạch (Cấp 7-3)
50721104	Hoàng Minh Tinh Thạch (Cấp 7-4)
50721105	Hoàng Minh Tinh Thạch (Cấp 7-5)
50721106	Hoàng Minh Tinh Thạch (Cấp 7-6)
50721107	Hoàng Minh Tinh Thạch (Cấp 7-7)
50721201	Lam Minh Tinh Thạch (Cấp 7-1)
50721202	Lam Minh Tinh Thạch (Cấp 7-2)
50721203	Lam Minh Tinh Thạch (Cấp 7-3)
50721204	Lam Minh Tinh Thạch (Cấp 7-4)
50721205	Lam Minh Tinh Thạch (Cấp 7-5)
50721206	Lam Minh Tinh Thạch (Cấp 7-6)
50721207	Lam Minh Tinh Thạch (Cấp 7-7)
50721301	Hồng Minh Tinh Thạch (Cấp 7-1)
50721302	Hồng Minh Tinh Thạch (Cấp 7-2)
50721303	Hồng Minh Tinh Thạch (Cấp 7-3)
50721304	Hồng Minh Tinh Thạch (Cấp 7-4)
50721305	Hồng Minh Tinh Thạch (Cấp 7-5)
50721306	Hồng Minh Tinh Thạch (Cấp 7-6)
50721307	Hồng Minh Tinh Thạch (Cấp 7-7)
50721401	Lục Minh Tinh Thạch (Cấp 7-1)
50721402	Lục Minh Tinh Thạch (Cấp 7-2)
50721403	Lục Minh Tinh Thạch (Cấp 7-3)
50721404	Lục Minh Tinh Thạch (Cấp 7-4)
50721405	Lục Minh Tinh Thạch (Cấp 7-5)
50721406	Lục Minh Tinh Thạch (Cấp 7-6)
50721407	Lục Minh Tinh Thạch (Cấp 7-7)
