id	skin	cap	kieu	ban	nen	nhan
25041	Băng Yêu	95	Ngoại	admin	3330	Băng Yêu 95 Ngoại
25071	Băng Yêu	95	Nội	admin	3340	Băng Yêu 95 Nội
25101	Băng Yêu	95	Cân bằng	admin	7840	Băng Yêu 95 Cân bằng
25151	Băng Yêu	85	Ngoại	admin	3300	Băng Yêu 85 Ngoại
25171	Băng Yêu	85	Nội	admin	3290	Băng Yêu 85 Nội
25181	Băng Yêu	85	Cân bằng	admin	3310	Băng Yêu 85 Cân bằng
25201	Băng Yêu	95	Ngoại	v2	3330	Băng Yêu 95 Ngoại
25241	Băng Yêu	95	Nội	v2	3340	Băng Yêu 95 Nội
25261	Băng Yêu	95	Cân bằng	v2	7840	Băng Yêu 95 Cân bằng
25271	Băng Yêu	85	Ngoại	v2	3300	Băng Yêu 85 Ngoại
25301	Băng Yêu	85	Nội	v2	3290	Băng Yêu 85 Nội
25331	Băng Yêu	85	Cân bằng	v2	3310	Băng Yêu 85 Cân bằng
25042	Công Tôn Thánh	95	Ngoại	admin	3330	Công Tôn Thánh 95 Ngoại
25072	Công Tôn Thánh	95	Nội	admin	3340	Công Tôn Thánh 95 Nội
25102	Công Tôn Thánh	95	Cân bằng	admin	7840	Công Tôn Thánh 95 Cân bằng
25152	Công Tôn Thánh	85	Ngoại	admin	3300	Công Tôn Thánh 85 Ngoại
25172	Công Tôn Thánh	85	Nội	admin	3290	Công Tôn Thánh 85 Nội
25182	Công Tôn Thánh	85	Cân bằng	admin	3310	Công Tôn Thánh 85 Cân bằng
25202	Công Tôn Thánh	95	Ngoại	v2	3330	Công Tôn Thánh 95 Ngoại
25242	Công Tôn Thánh	95	Nội	v2	3340	Công Tôn Thánh 95 Nội
25262	Công Tôn Thánh	95	Cân bằng	v2	7840	Công Tôn Thánh 95 Cân bằng
25272	Công Tôn Thánh	85	Ngoại	v2	3300	Công Tôn Thánh 85 Ngoại
25302	Công Tôn Thánh	85	Nội	v2	3290	Công Tôn Thánh 85 Nội
25332	Công Tôn Thánh	85	Cân bằng	v2	3310	Công Tôn Thánh 85 Cân bằng
25051	Tôn Mỹ Mỹ	95	Ngoại	admin	3330	Tôn Mỹ Mỹ 95 Ngoại
25061	Tôn Mỹ Mỹ	95	Nội	admin	3340	Tôn Mỹ Mỹ 95 Nội
25091	Tôn Mỹ Mỹ	95	Cân bằng	admin	7840	Tôn Mỹ Mỹ 95 Cân bằng
25121	Tôn Mỹ Mỹ	85	Ngoại	admin	3300	Tôn Mỹ Mỹ 85 Ngoại
25131	Tôn Mỹ Mỹ	85	Nội	admin	3290	Tôn Mỹ Mỹ 85 Nội
25161	Tôn Mỹ Mỹ	85	Cân bằng	admin	3310	Tôn Mỹ Mỹ 85 Cân bằng
25191	Tôn Mỹ Mỹ	95	Ngoại	v2	3330	Tôn Mỹ Mỹ 95 Ngoại
25211	Tôn Mỹ Mỹ	95	Nội	v2	3340	Tôn Mỹ Mỹ 95 Nội
25221	Tôn Mỹ Mỹ	95	Cân bằng	v2	7840	Tôn Mỹ Mỹ 95 Cân bằng
25231	Tôn Mỹ Mỹ	85	Ngoại	v2	3300	Tôn Mỹ Mỹ 85 Ngoại
25251	Tôn Mỹ Mỹ	85	Nội	v2	3290	Tôn Mỹ Mỹ 85 Nội
25281	Tôn Mỹ Mỹ	85	Cân bằng	v2	3310	Tôn Mỹ Mỹ 85 Cân bằng
25052	Lâm Sung	95	Ngoại	admin	3330	Lâm Sung 95 Ngoại
25062	Lâm Sung	95	Nội	admin	3340	Lâm Sung 95 Nội
25092	Lâm Sung	95	Cân bằng	admin	7840	Lâm Sung 95 Cân bằng
25122	Lâm Sung	85	Ngoại	admin	3300	Lâm Sung 85 Ngoại
25132	Lâm Sung	85	Nội	admin	3290	Lâm Sung 85 Nội
25162	Lâm Sung	85	Cân bằng	admin	3310	Lâm Sung 85 Cân bằng
25192	Lâm Sung	95	Ngoại	v2	3330	Lâm Sung 95 Ngoại
25212	Lâm Sung	95	Nội	v2	3340	Lâm Sung 95 Nội
25222	Lâm Sung	95	Cân bằng	v2	7840	Lâm Sung 95 Cân bằng
25232	Lâm Sung	85	Ngoại	v2	3300	Lâm Sung 85 Ngoại
25252	Lâm Sung	85	Nội	v2	3290	Lâm Sung 85 Nội
25282	Lâm Sung	85	Cân bằng	v2	3310	Lâm Sung 85 Cân bằng
25031	Thủy Phỉ Đầu Lãnh	95	Ngoại	admin	3330	Thủy Phỉ Đầu Lãnh 95 Ngoại
25081	Thủy Phỉ Đầu Lãnh	95	Nội	admin	3340	Thủy Phỉ Đầu Lãnh 95 Nội
25111	Thủy Phỉ Đầu Lãnh	95	Cân bằng	admin	7840	Thủy Phỉ Đầu Lãnh 95 Cân bằng
25141	Thủy Phỉ Đầu Lãnh	85	Ngoại	admin	3300	Thủy Phỉ Đầu Lãnh 85 Ngoại
25291	Thủy Phỉ Đầu Lãnh	85	Nội	admin	3290	Thủy Phỉ Đầu Lãnh 85 Nội
25321	Thủy Phỉ Đầu Lãnh	85	Cân bằng	admin	3310	Thủy Phỉ Đầu Lãnh 85 Cân bằng
25771	Thủy Phỉ Đầu Lãnh	95	Ngoại	v2	3330	Thủy Phỉ Đầu Lãnh 95 Ngoại
25961	Thủy Phỉ Đầu Lãnh	95	Nội	v2	3340	Thủy Phỉ Đầu Lãnh 95 Nội
26081	Thủy Phỉ Đầu Lãnh	95	Cân bằng	v2	7840	Thủy Phỉ Đầu Lãnh 95 Cân bằng
26361	Thủy Phỉ Đầu Lãnh	85	Ngoại	v2	3300	Thủy Phỉ Đầu Lãnh 85 Ngoại
26421	Thủy Phỉ Đầu Lãnh	85	Nội	v2	3290	Thủy Phỉ Đầu Lãnh 85 Nội
26521	Thủy Phỉ Đầu Lãnh	85	Cân bằng	v2	3310	Thủy Phỉ Đầu Lãnh 85 Cân bằng
25022	Lộ Quân Dật	95	Ngoại	admin	3330	Lộ Quân Dật 95 Ngoại
25032	Lộ Quân Dật	95	Nội	admin	3340	Lộ Quân Dật 95 Nội
25082	Lộ Quân Dật	95	Cân bằng	admin	7840	Lộ Quân Dật 95 Cân bằng
25112	Lộ Quân Dật	85	Ngoại	admin	3300	Lộ Quân Dật 85 Ngoại
25142	Lộ Quân Dật	85	Nội	admin	3290	Lộ Quân Dật 85 Nội
25292	Lộ Quân Dật	85	Cân bằng	admin	3310	Lộ Quân Dật 85 Cân bằng
25322	Lộ Quân Dật	95	Ngoại	v2	3330	Lộ Quân Dật 95 Ngoại
25772	Lộ Quân Dật	95	Nội	v2	3340	Lộ Quân Dật 95 Nội
25962	Lộ Quân Dật	95	Cân bằng	v2	7840	Lộ Quân Dật 95 Cân bằng
26082	Lộ Quân Dật	85	Ngoại	v2	3300	Lộ Quân Dật 85 Ngoại
26362	Lộ Quân Dật	85	Nội	v2	3290	Lộ Quân Dật 85 Nội
26422	Lộ Quân Dật	85	Cân bằng	v2	3310	Lộ Quân Dật 85 Cân bằng
25401	Viễn Cổ Kỳ Hồn	95	Ngoại	admin	3330	Viễn Cổ Kỳ Hồn 95 Ngoại
25431	Viễn Cổ Kỳ Hồn	95	Nội	admin	3340	Viễn Cổ Kỳ Hồn 95 Nội
25481	Viễn Cổ Kỳ Hồn	95	Cân bằng	admin	7840	Viễn Cổ Kỳ Hồn 95 Cân bằng
25501	Viễn Cổ Kỳ Hồn	85	Ngoại	admin	3300	Viễn Cổ Kỳ Hồn 85 Ngoại
25511	Viễn Cổ Kỳ Hồn	85	Nội	admin	3290	Viễn Cổ Kỳ Hồn 85 Nội
25551	Viễn Cổ Kỳ Hồn	85	Cân bằng	admin	3310	Viễn Cổ Kỳ Hồn 85 Cân bằng
25571	Viễn Cổ Kỳ Hồn	95	Ngoại	v2	3330	Viễn Cổ Kỳ Hồn 95 Ngoại
25581	Viễn Cổ Kỳ Hồn	95	Nội	v2	3340	Viễn Cổ Kỳ Hồn 95 Nội
25611	Viễn Cổ Kỳ Hồn	95	Cân bằng	v2	7840	Viễn Cổ Kỳ Hồn 95 Cân bằng
25641	Viễn Cổ Kỳ Hồn	85	Ngoại	v2	3300	Viễn Cổ Kỳ Hồn 85 Ngoại
25651	Viễn Cổ Kỳ Hồn	85	Nội	v2	3290	Viễn Cổ Kỳ Hồn 85 Nội
25691	Viễn Cổ Kỳ Hồn	85	Cân bằng	v2	3310	Viễn Cổ Kỳ Hồn 85 Cân bằng
25402	Tống Khương	95	Ngoại	admin	3330	Tống Khương 95 Ngoại
25432	Tống Khương	95	Nội	admin	3340	Tống Khương 95 Nội
25482	Tống Khương	95	Cân bằng	admin	7840	Tống Khương 95 Cân bằng
25502	Tống Khương	85	Ngoại	admin	3300	Tống Khương 85 Ngoại
25512	Tống Khương	85	Nội	admin	3290	Tống Khương 85 Nội
25552	Tống Khương	85	Cân bằng	admin	3310	Tống Khương 85 Cân bằng
25572	Tống Khương	95	Ngoại	v2	3330	Tống Khương 95 Ngoại
25582	Tống Khương	95	Nội	v2	3340	Tống Khương 95 Nội
25612	Tống Khương	95	Cân bằng	v2	7840	Tống Khương 95 Cân bằng
25642	Tống Khương	85	Ngoại	v2	3300	Tống Khương 85 Ngoại
25652	Tống Khương	85	Nội	v2	3290	Tống Khương 85 Nội
25692	Tống Khương	85	Cân bằng	v2	3310	Tống Khương 85 Cân bằng
25381	Tần Vương	95	Ngoại	admin	3330	Tần Vương 95 Ngoại
25391	Tần Vương	95	Nội	admin	3340	Tần Vương 95 Nội
25421	Tần Vương	95	Cân bằng	admin	7840	Tần Vương 95 Cân bằng
25451	Tần Vương	85	Ngoại	admin	3300	Tần Vương 85 Ngoại
25491	Tần Vương	85	Nội	admin	3290	Tần Vương 85 Nội
25521	Tần Vương	85	Cân bằng	admin	3310	Tần Vương 85 Cân bằng
25541	Tần Vương	95	Ngoại	v2	3330	Tần Vương 95 Ngoại
25561	Tần Vương	95	Nội	v2	3340	Tần Vương 95 Nội
25591	Tần Vương	95	Cân bằng	v2	7840	Tần Vương 95 Cân bằng
25621	Tần Vương	85	Ngoại	v2	3300	Tần Vương 85 Ngoại
25671	Tần Vương	85	Nội	v2	3290	Tần Vương 85 Nội
25711	Tần Vương	85	Cân bằng	v2	3310	Tần Vương 85 Cân bằng
25382	Quan Thắng	95	Ngoại	admin	3330	Quan Thắng 95 Ngoại
25392	Quan Thắng	95	Nội	admin	3340	Quan Thắng 95 Nội
25422	Quan Thắng	95	Cân bằng	admin	7840	Quan Thắng 95 Cân bằng
25452	Quan Thắng	85	Ngoại	admin	3300	Quan Thắng 85 Ngoại
25492	Quan Thắng	85	Nội	admin	3290	Quan Thắng 85 Nội
25522	Quan Thắng	85	Cân bằng	admin	3310	Quan Thắng 85 Cân bằng
25532	Quan Thắng	95	Ngoại	v2	3330	Quan Thắng 95 Ngoại
25542	Quan Thắng	95	Nội	v2	3340	Quan Thắng 95 Nội
25562	Quan Thắng	95	Cân bằng	v2	7840	Quan Thắng 95 Cân bằng
25592	Quan Thắng	85	Ngoại	v2	3300	Quan Thắng 85 Ngoại
25622	Quan Thắng	85	Nội	v2	3290	Quan Thắng 85 Nội
25672	Quan Thắng	85	Cân bằng	v2	3310	Quan Thắng 85 Cân bằng
25411	Cáp Đại Bá	95	Ngoại	admin	3330	Cáp Đại Bá 95 Ngoại
25601	Cáp Đại Bá	95	Nội	admin	3340	Cáp Đại Bá 95 Nội
25461	Cáp Đại Bá	95	Cân bằng	admin	7840	Cáp Đại Bá 95 Cân bằng
25471	Cáp Đại Bá	85	Ngoại	admin	3300	Cáp Đại Bá 85 Ngoại
25631	Cáp Đại Bá	85	Nội	admin	3290	Cáp Đại Bá 85 Nội
25781	Cáp Đại Bá	85	Cân bằng	admin	3310	Cáp Đại Bá 85 Cân bằng
25971	Cáp Đại Bá	95	Ngoại	v2	3330	Cáp Đại Bá 95 Ngoại
26091	Cáp Đại Bá	95	Nội	v2	3340	Cáp Đại Bá 95 Nội
26371	Cáp Đại Bá	95	Cân bằng	v2	7840	Cáp Đại Bá 95 Cân bằng
26401	Cáp Đại Bá	85	Ngoại	v2	3300	Cáp Đại Bá 85 Ngoại
26411	Cáp Đại Bá	85	Nội	v2	3290	Cáp Đại Bá 85 Nội
26431	Cáp Đại Bá	85	Cân bằng	v2	3310	Cáp Đại Bá 85 Cân bằng
25412	Lỗ Chí Sinh	95	Ngoại	admin	3330	Lỗ Chí Sinh 95 Ngoại
25442	Lỗ Chí Sinh	95	Nội	admin	3340	Lỗ Chí Sinh 95 Nội
25462	Lỗ Chí Sinh	95	Cân bằng	admin	7840	Lỗ Chí Sinh 95 Cân bằng
25472	Lỗ Chí Sinh	85	Ngoại	admin	3300	Lỗ Chí Sinh 85 Ngoại
25602	Lỗ Chí Sinh	85	Nội	admin	3290	Lỗ Chí Sinh 85 Nội
25632	Lỗ Chí Sinh	85	Cân bằng	admin	3310	Lỗ Chí Sinh 85 Cân bằng
25782	Lỗ Chí Sinh	95	Ngoại	v2	3330	Lỗ Chí Sinh 95 Ngoại
25972	Lỗ Chí Sinh	95	Nội	v2	3340	Lỗ Chí Sinh 95 Nội
26092	Lỗ Chí Sinh	95	Cân bằng	v2	7840	Lỗ Chí Sinh 95 Cân bằng
26372	Lỗ Chí Sinh	85	Ngoại	v2	3300	Lỗ Chí Sinh 85 Ngoại
26402	Lỗ Chí Sinh	85	Nội	v2	3290	Lỗ Chí Sinh 85 Nội
26412	Lỗ Chí Sinh	85	Cân bằng	v2	3310	Lỗ Chí Sinh 85 Cân bằng
25341	Băng Yêu	5	Ngoại	tanthu	22000	Băng Yêu Tân Thủ Ngoại
25681	Băng Yêu	5	Nội	tanthu	22070	Băng Yêu Tân Thủ Nội
25721	Băng Yêu	5	Cân bằng	tanthu	8700	Băng Yêu Tân Thủ Cân bằng
25342	Công Tôn Thánh	5	Ngoại	tanthu	22000	Công Tôn Thánh Tân Thủ Ngoại
25682	Công Tôn Thánh	5	Nội	tanthu	22070	Công Tôn Thánh Tân Thủ Nội
25722	Công Tôn Thánh	5	Cân bằng	tanthu	8700	Công Tôn Thánh Tân Thủ Cân bằng
25311	Tôn Mỹ Mỹ	5	Ngoại	tanthu	22000	Tôn Mỹ Mỹ Tân Thủ Ngoại
25661	Tôn Mỹ Mỹ	5	Nội	tanthu	22070	Tôn Mỹ Mỹ Tân Thủ Nội
25701	Tôn Mỹ Mỹ	5	Cân bằng	tanthu	8700	Tôn Mỹ Mỹ Tân Thủ Cân bằng
25312	Lâm Sung	5	Ngoại	tanthu	22000	Lâm Sung Tân Thủ Ngoại
25662	Lâm Sung	5	Nội	tanthu	22070	Lâm Sung Tân Thủ Nội
25702	Lâm Sung	5	Cân bằng	tanthu	8700	Lâm Sung Tân Thủ Cân bằng
26561	Thủy Phỉ Đầu Lãnh	5	Ngoại	tanthu	22000	Thủy Phỉ Đầu Lãnh Tân Thủ Ngoại
26601	Thủy Phỉ Đầu Lãnh	5	Nội	tanthu	22070	Thủy Phỉ Đầu Lãnh Tân Thủ Nội
26641	Thủy Phỉ Đầu Lãnh	5	Cân bằng	tanthu	8700	Thủy Phỉ Đầu Lãnh Tân Thủ Cân bằng
26522	Lộ Quân Dật	5	Ngoại	tanthu	22000	Lộ Quân Dật Tân Thủ Ngoại
26562	Lộ Quân Dật	5	Nội	tanthu	22070	Lộ Quân Dật Tân Thủ Nội
26602	Lộ Quân Dật	5	Cân bằng	tanthu	8700	Lộ Quân Dật Tân Thủ Cân bằng
25731	Viễn Cổ Kỳ Hồn	5	Ngoại	tanthu	22000	Viễn Cổ Kỳ Hồn Tân Thủ Ngoại
25751	Viễn Cổ Kỳ Hồn	5	Nội	tanthu	22070	Viễn Cổ Kỳ Hồn Tân Thủ Nội
25861	Viễn Cổ Kỳ Hồn	5	Cân bằng	tanthu	8700	Viễn Cổ Kỳ Hồn Tân Thủ Cân bằng
25732	Tống Khương	5	Ngoại	tanthu	22000	Tống Khương Tân Thủ Ngoại
25752	Tống Khương	5	Nội	tanthu	22070	Tống Khương Tân Thủ Nội
25862	Tống Khương	5	Cân bằng	tanthu	8700	Tống Khương Tân Thủ Cân bằng
25801	Tần Vương	5	Ngoại	tanthu	22000	Tần Vương Tân Thủ Ngoại
25821	Tần Vương	5	Nội	tanthu	22070	Tần Vương Tân Thủ Nội
25841	Tần Vương	5	Cân bằng	tanthu	8700	Tần Vương Tân Thủ Cân bằng
25712	Quan Thắng	5	Ngoại	tanthu	22000	Quan Thắng Tân Thủ Ngoại
25802	Quan Thắng	5	Nội	tanthu	22070	Quan Thắng Tân Thủ Nội
25822	Quan Thắng	5	Cân bằng	tanthu	8700	Quan Thắng Tân Thủ Cân bằng
26531	Cáp Đại Bá	5	Ngoại	tanthu	22000	Cáp Đại Bá Tân Thủ Ngoại
26571	Cáp Đại Bá	5	Nội	tanthu	22070	Cáp Đại Bá Tân Thủ Nội
26611	Cáp Đại Bá	5	Cân bằng	tanthu	8700	Cáp Đại Bá Tân Thủ Cân bằng
26432	Lỗ Chí Sinh	5	Ngoại	tanthu	22000	Lỗ Chí Sinh Tân Thủ Ngoại
26532	Lỗ Chí Sinh	5	Nội	tanthu	22070	Lỗ Chí Sinh Tân Thủ Nội
26572	Lỗ Chí Sinh	5	Cân bằng	tanthu	8700	Lỗ Chí Sinh Tân Thủ Cân bằng
